id;name;intensidade;sport_type;start_date;distance_km;moving_time_sec;elapsed_time_sec;elevation_gain;average_heartrate;max_heartrate;average_cadence;average_speed;max_speed;pace_sec_km;pace_formatted;efficiency_index;calories;suffer_score;pr_count;achievement_count;latitude;longitude;weather_temp;weather_feels_like;weather_humidity;weather_precipitation;weather_rain;weather_wind_speed;weather_wind_gusts;weather_code;weather_condition
10804043200;regenerativo;leve;Run;20/02/2024 19:10:00;9.66;3147;3147;39.0;;;;3.069;4.846;326;05:25;;0.0;;1;1;-28.455.058.727.413.400;-49.028.521.701.693.500;20.7;23.7;94.0;0.0;0.0;5.1;10.4;1.0;Principalmente limpo
10832712508;Corrida matinal;;Run;25/02/2024 07:27:00;4.76;1338;1426;14.5;;;;3.56;5.214;281;04:41;;0.0;;5;5;-28.456.200.594.082.400;-4.902.865.103.445.940;24.0;29.1;96.0;0.1;0.1;3.4;8.6;51.0;Garoa leve
10879528950;Corrida matinal;;Run;03/03/2024 07:02:00;5.0;1376;1376;5.0;;;;3.635;4.912;275;04:35;;0.0;;1;6;-28.480.009.473.860.200;-4.900.572.300.888.590;23.1;26.7;89.0;0.0;0.0;5.9;11.9;0.0;Desconhecido
10928334670;Corrida matinal;;Run;10/03/2024 06:54:00;5.0;1409;1409;8.6;;;;3.55;5.192;282;04:41;;0.0;37.0;0;6;-28.455.079.346.895.200;-4.902.858.758.345.240;22.6;26.7;95.0;0.0;0.0;5.1;9.0;0.0;Desconhecido
10961640765;regenerativo;leve;Run;14/03/2024 20:01:00;5.0;1686;1686;4.6;;;;2.966;6.05;337;05:37;;0.0;;0;0;-28.483.367.851.004.000;-4.901.382.244.192.060;20.8;24.5;100.0;0.0;0.0;3.7;7.2;1.0;Principalmente limpo
10977596919;Corrida matinal;;Run;17/03/2024 06:56:00;9.0;2631;2631;7.6;;;;3.422;4.856;292;04:52;;0.0;;1;3;-2.848.380.194.976.920;-4.901.323.285.885.150;23.2;26.9;95.0;0.0;0.0;10.6;20.2;3.0;Nublado
11027804041;Intervalado;muito forte;Run;24/03/2024 08:55:00;4.01;1098;1350;2.1;;;;3.649;6.276;274;04:33;;0.0;;2;3;-2.848.318.923.264.740;-49.013.502.756.133.600;18.5;19.8;91.0;0.0;0.0;8.0;16.2;0.0;Desconhecido
11060120773;Corrida matinal;;Run;29/03/2024 05:55:00;8.19;2426;2426;5.5;;;;3.378;5.47;296;04:56;;0.0;;0;2;-28.483.488.634.228.700;-4.901.186.694.391.070;22.0;24.7;89.0;0.0;0.0;8.4;15.5;3.0;Nublado
11079301123;longo morro;moderado;Run;31/03/2024 17:55:00;0.97;409;515;94.8;;;;2.379;4.197;422;07:01;;0.0;;0;1;-28.454.437.293.112.200;-490.328.664.612.025;20.9;24.3;97.0;0.0;0.0;4.1;7.9;0.0;Desconhecido
11087333057;regenerativo;leve;Run;01/04/2024 20:56:00;8.0;2695;2695;7.1;;;;2.969;5.066;337;05:36;;0.0;;0;7;-28.482.553.968.206.000;-49.010.776.123.031.900;21.5;24.2;81.0;0.0;0.0;2.1;4.7;1.0;Principalmente limpo
11101239718;moderado;moderado ;Run;03/04/2024 19:01:00;7.01;1947;2300;6.9;;;;3.599;5.658;278;04:37;;0.0;;0;0;-28.456.032.034.009.600;-4.902.856.981.381.770;20.6;23.9;95.0;0.0;0.0;3.7;7.9;0.0;Desconhecido
11108381116;corriga antiga;;Run;04/04/2024 19:37:00;8.01;2251;2263;6.3;;;;3.559;6.0;281;04:41;;0.0;;1;7;-28.483.759.621.158.200;-4.901.541.802.100.830;22.5;26.3;93.0;0.0;0.0;5.2;10.1;3.0;Nublado
11116938710;Corrida matinal;;Run;06/04/2024 05:34:00;10.01;2792;2792;9.0;;;;3.584;8.17;279;04:38;;0.0;;7;12;-2.848.322.544.246.910;-4.901.025.359.518.820;19.3;20.7;90.0;0.0;0.0;8.7;16.6;3.0;Nublado
11138124226;corriga antiga;;Run;08/04/2024 19:36:00;9.0;2493;2524;7.2;;;;3.612;5.63;277;04:37;;0.0;;7;9;-28.482.553.800.567.900;-4.901.059.138.588.600;21.0;23.6;92.0;0.1;0.1;7.9;15.8;51.0;Garoa leve
11155243423;Corrida matinal;;Run;11/04/2024 04:55:00;5.02;1617;1620;5.4;149.1;171.0;82.6;3.104;3.902;322;05:22;21.603;362.0;35.0;0;3;-28.455.131.398.513.900;-4.902.861.759.066.580;21.5;24.3;96.0;1.9;1.9;10.2;21.2;61.0;Chuva leve
11179281895;Corrida matinal;;Run;14/04/2024 07:01:00;5.13;1284;1284;5.0;150.1;169.0;86.7;3.996;8.482;250;04:10;16.676;284.0;28.0;4;5;-2.847.830.057.144.160;-49.007.009.798.660.800;21.1;23.0;93.0;1.5;1.5;13.0;25.9;61.0;Chuva leve
11198643503;corriga antiga;;Run;16/04/2024 19:11:00;8.0;2284;2287;29.5;151.9;180.0;83.0;3.502;5.082;286;04:45;18.795;525.0;55.0;0;0;-28.455.081.610.009.000;-4.902.855.355.292.550;23.5;25.9;90.0;0.2;0.2;15.5;30.6;51.0;Garoa leve
11219456738;corriga antiga;;Run;19/04/2024 18:17:00;5.0;1894;1894;3.6;142.3;159.0;79.9;2.638;4.285;379;06:18;2.662;403.0;26.0;0;0;-2.846.188.318.915.660;-4.902.442.957.274.610;14.9;14.6;87.0;0.0;0.0;8.2;15.5;0.0;Desconhecido
11222532170;longo;moderado;Run;20/04/2024 05:49:00;20.01;6049;6049;38.9;158.7;177.0;83.0;3.308;5.162;302;05:02;19.049;1394.0;190.0;0;3;-2.848.367.052.152.750;-49.010.701.943.188.900;16.8;17.2;80.0;0.0;0.0;4.6;9.0;0.0;Desconhecido
11257454727;corriga antiga;;Run;24/04/2024 19:32:00;5.59;1610;1631;6.2;152.1;184.0;84.0;3.472;5.982;288;04:48;18.935;339.0;37.0;0;2;-28.483.921.475.708.400;-490.111.340.302.974;21.5;23.5;87.0;0.0;0.0;10.0;19.1;1.0;Principalmente limpo
11257455403;corriga antiga;;Run;24/04/2024 20:00:00;2.21;653;667;2.2;166.6;182.0;83.8;3.385;6.364;296;04:55;17.737;157.0;28.0;0;0;-28.472.657.706.588.500;-4.899.510.791.525.240;21.9;24.4;87.0;0.0;0.0;7.9;14.8;0.0;Desconhecido
11257455882;corriga antiga;;Run;24/04/2024 20:16:00;1.01;337;337;0.0;176.0;183.0;80.5;2.989;5.156;334;05:33;1.896;89.0;20.0;0;0;-28.484.162.874.519.800;-4.901.649.467.647.070;21.5;23.5;87.0;0.0;0.0;10.0;19.1;1.0;Principalmente limpo
11271145140;corriga antiga;;Run;26/04/2024 18:25:00;5.02;1781;1781;3.9;146.8;170.0;80.6;2.817;3.55;355;05:54;24.169;381.0;34.0;0;3;-28.455.176.576.972.000;-4.902.857.434.004.540;18.0;19.0;88.0;0.0;0.0;7.4;14.0;2.0;Parcialmente nublado
11274440185;Corrida matinal;;Run;27/04/2024 07:19:00;9.01;2546;2546;21.5;170.7;204.0;83.9;3.538;4.538;283;04:42;16.555;635.0;126.0;2;3;-2.845.487.088.896.330;-49.028.347.777.202.700;23.4;25.4;81.0;0.0;0.0;12.4;26.6;3.0;Nublado
11294014357;Corrida da tarde;;Run;29/04/2024 17:20:00;8.01;2567;2567;66.5;155.2;181.0;81.2;3.122;4.588;320;05:20;20.651;560.0;71.0;0;0;-28.456.029.603.257.700;-4.902.781.846.001.740;19.0;21.1;90.0;0.1;0.1;3.8;6.8;51.0;Garoa leve
11306595439;Intervalado;muito forte;Run;01/05/2024 08:05:00;10.0;2976;2976;0.0;162.9;190.0;84.8;3.361;5.692;298;04:57;18.269;678.0;114.0;0;0;-28.455.293.755.978.300;-4.902.858.825.400.470;19.5;22.6;99.0;0.0;0.0;2.3;5.4;3.0;Nublado
11330187382;Corrida matinal;;Run;04/05/2024 10:06:00;8.0;2195;2213;8.2;157.0;189.0;85.2;3.646;5.124;274;04:34;17.478;493.0;63.0;3;9;-28.483.636.993.914.800;-4.901.265.325.024.720;19.1;22.0;100.0;2.0;2.0;3.7;9.4;61.0;Chuva leve
11348134981;caminhada;leve;Walk;06/05/2024 16:53:00;1.3;1506;2007;58.5;121.4;162.0;59.7;0.864;2.192;1158;19:18;95.428;202.0;7.0;0;0;-28.455.333.318.561.300;-490.325.503.796.339;22.7;27.1;98.0;0.0;0.0;4.7;10.8;3.0;Nublado
11351850086;Corrida matinal;;Run;07/05/2024 07:21:00;8.01;2605;2605;6.7;155.9;177.0;83.1;3.074;3.83;325;05:25;2.086;573.0;75.0;0;1;-2.846.104.072.406.880;-4.902.438.523.247.830;20.5;22.3;89.0;0.0;0.0;9.7;17.6;0.0;Desconhecido
11361315549;moderado;forte;Run;08/05/2024 10:35:00;6.77;1969;1999;4.4;164.4;180.0;82.6;3.44;6.406;291;04:50;17.689;455.0;80.0;0;0;-2.848.248.423.077.160;-4.901.059.255.935.250;23.7;26.2;81.0;0.0;0.0;10.7;20.9;3.0;Nublado
11379774229;Corrida da tarde;;Run;10/05/2024 15:24:00;5.01;1627;1638;4.1;143.5;174.0;83.5;3.079;5.152;325;05:24;22.634;320.0;22.0;0;1;-2.845.675.832.591.950;-4.902.799.288.742.240;17.5;17.9;78.0;0.0;0.0;4.8;11.2;3.0;Nublado
11385436678;longo morro;moderado;Run;11/05/2024 09:25:00;18.01;5536;5568;159.4;156.2;180.0;82.2;3.253;4.262;307;05:07;1.968;1187.0;156.0;0;0;-2.850.444.666.109.970;-49.007.044.080.644.800;17.8;19.7;100.0;3.7;3.7;6.1;19.1;63.0;Chuva moderada
11408340521;Corrida matinal;;Run;14/05/2024 09:53:00;8.01;2133;2133;18.1;163.6;185.0;84.8;3.754;5.168;266;04:26;16.278;500.0;84.0;0;3;-2.846.645.040.437.570;-4.903.006.891.719.990;15.2;14.1;89.0;0.1;0.1;14.9;32.4;51.0;Garoa leve
11423770522;Corrida matinal;;Run;16/05/2024 09:06:00;5.0;1163;1163;7.8;157.9;188.0;87.6;4.301;5.216;233;03:52;14.731;271.0;34.0;0;2;-28.461.841.363.459.800;-4.902.438.615.448.770;10.6;8.7;69.0;0.0;0.0;5.1;7.9;3.0;Nublado
11439627476;Corrida matinal;;Run;18/05/2024 10:14:00;14.01;3887;3887;10.6;164.4;186.0;85.0;3.604;5.224;277;04:37;16.873;923.0;158.0;3;7;-28.482.685.312.628.700;-4.901.167.047.210.030;12.9;13.4;99.0;0.2;0.2;3.3;10.1;51.0;Garoa leve
11494198440;Corrida matinal;;Run;25/05/2024 09:18:00;8.51;2670;2670;21.0;151.7;186.0;83.6;3.187;4.076;314;05:13;20.679;572.0;62.0;1;2;-28.455.018.745.735.200;-49.028.623.793.274.100;13.9;12.2;81.0;0.0;0.0;12.7;29.2;0.0;Desconhecido
11897470385;regenerativo;leve;Run;15/07/2024 18:45:00;5.2;1686;1686;13.8;154.7;182.0;82.9;3.083;3.772;324;05:24;20.957;236.0;47.0;0;0;-28.455.051.686.614.700;-4.902.859.043.329.950;12.9;12.6;96.0;0.0;0.0;6.9;14.0;3.0;Nublado
11914687846;regenerativo;leve;Run;17/07/2024 18:42:00;3.37;1698;1713;0.0;159.6;189.0;81.2;1.982;5.244;504;08:23;31.573;196.0;34.0;0;0;-28.461.924.344.301.200;-4.902.440.392.412.240;14.6;15.3;94.0;0.0;0.0;2.8;6.8;2.0;Parcialmente nublado
11914688695;regenerativo;leve;Run;17/07/2024 19:12:00;2.61;1025;1027;0.0;150.0;185.0;80.7;2.548;6.61;393;06:32;2.618;134.0;16.0;0;0;-2.846.193.683.333.690;-49.024.401.577.189.500;14.6;15.3;94.0;0.0;0.0;2.8;6.8;2.0;Parcialmente nublado
11943838988;Corrida matinal;;Run;21/07/2024 09:03:00;8.01;2389;2389;9.9;175.5;199.0;83.8;3.352;4.306;298;04:58;16.997;410.0;133.0;0;0;-28.455.958.105.623.700;-4.902.863.879.688.080;11.9;11.9;100.0;0.0;0.0;3.6;7.2;3.0;Nublado
12022691898;moderado;moderado;Run;30/07/2024 19:02:00;7.0;1938;1945;7.5;176.5;196.0;84.9;3.613;6.068;277;04:36;15.688;317.0;113.0;0;4;-2.848.231.407.813.720;-49.009.735.342.115.100;12.2;10.9;92.0;0.0;0.0;10.7;21.2;3.0;Nublado
12081629956;regenerativo;leve;Run;06/08/2024 19:12:00;5.0;2101;2114;8.0;143.3;170.0;82.6;2.38;3.676;420;07:00;29.323;274.0;28.0;0;0;-28.462.110.087.275.500;-4.902.545.476.332.300;17.6;20.1;99.0;0.0;0.0;1.8;5.4;3.0;Nublado
12110739762;Corrida matinal;;Run;10/08/2024 08:09:00;10.01;2988;2988;27.8;163.9;195.0;85.4;3.349;4.204;298;04:58;18.212;473.0;122.0;1;1;-28.465.306.274.592.800;-4.899.651.238.694.780;9.6;7.1;66.0;0.0;0.0;7.3;17.6;0.0;Desconhecido
12179341770;longo;moderado;Run;18/08/2024 08:28:00;20.01;6317;6365;45.0;163.8;189.0;84.4;3.168;4.53;316;05:15;19.274;1046.0;251.0;2;2;-28.455.451.503.396.000;-4.902.863.443.829.110;16.6;18.4;99.0;0.0;0.0;3.6;8.6;3.0;Nublado
12314991455;Corrida matinal;;Run;03/09/2024 06:48:00;6.0;2064;2076;3.0;;;;2.907;3.716;344;05:44;;0.0;;0;0;-28.455.633.306.875.800;-4.902.865.547.686.810;13.1;12.9;91.0;0.0;0.0;4.5;6.5;1.0;Principalmente limpo
12415762170;Corrida matinal;;Run;15/09/2024 08:28:00;8.01;2208;2278;14.6;180.2;199.0;85.0;3.628;4.61;276;04:35;1.53;406.0;140.0;2;2;-28.455.025.451.257.800;-4.902.858.984.656.630;15.0;13.2;74.0;0.0;0.0;13.0;26.3;1.0;Principalmente limpo
12465832545;Corrida matinal;;Run;21/09/2024 07:23:00;10.01;3066;3114;27.8;175.7;199.0;83.5;3.263;4.29;306;05:06;17.433;510.0;178.0;0;1;-284.560.352.191.329;-49.027.769.258.245.800;16.6;18.1;98.0;0.0;0.0;4.9;10.1;3.0;Nublado
12504277620;Intervalado;forte;Run;25/09/2024 18:14:00;7.01;1922;2355;2.2;171.5;203.0;84.7;3.646;9.574;274;04:34;15.988;315.0;94.0;0;0;-28.460.554.741.322.900;-49.001.296.358.183.000;20.1;22.6;93.0;0.0;0.0;6.2;12.2;3.0;Nublado
12508205870;Corrida matinal;;Run;26/09/2024 09:14:00;6.0;1975;1975;8.5;;;;3.038;4.214;329;05:29;;0.0;;0;0;-28.462.187.368.422.700;-4.902.619.848.959.140;20.1;22.4;91.0;0.0;0.0;6.0;20.9;3.0;Nublado
12804552292;Corrida matinal;;Run;02/11/2024 08:22:00;10.0;3110;3134;25.0;180.9;199.0;83.3;3.217;3.92;311;05:11;17.192;535.0;200.0;0;2;-28.455.929;-49.027.736;21.2;22.9;88.0;0.0;0.0;12.6;25.2;3.0;Nublado
13145432784;regenerativo;leve;Run;18/12/2024 19:29:00;8.0;2365;2453;4.7;161.4;188.0;83.0;3.384;4.52;296;04:55;18.315;337.0;86.0;0;6;-28.476.929;-49.006.056;19.0;21.5;94.0;0.0;0.0;2.7;6.5;1.0;Principalmente limpo
13331491877;Corrida matinal;;Run;12/01/2025 05:42:00;7.01;2227;2227;13.7;177.7;203.0;83.7;3.148;4.04;318;05:17;17.878;373.0;131.0;0;1;-28.461.781;-49.024.432;19.9;22.0;81.0;0.0;0.0;0.9;7.2;0.0;Desconhecido
13347713530;regenerativo;leve;Run;13/01/2025 19:14:00;8.01;2561;2561;5.0;191.1;199.0;82.1;3.127;4.84;320;05:19;16.729;463.0;192.0;0;0;-28.483.102;-49.012.773;18.2;20.9;99.0;0.1;0.1;2.2;9.4;51.0;Garoa leve
13359988327;Corrida matinal;;Run;15/01/2025 06:53:00;7.5;2253;2253;5.2;174.1;192.0;83.3;3.327;5.38;300;05:00;17.254;359.0;124.0;0;0;-28.483.732;-49.013.111;20.7;22.4;85.0;0.0;0.0;9.0;20.2;0.0;Desconhecido
13374669202;regenerativo;leve;Run;16/01/2025 19:09:00;6.0;2342;2380;6.5;145.1;155.0;80.8;2.561;6.38;390;06:30;26.899;273.0;36.0;0;0;-28.454.882;-49.028.746;22.2;24.6;87.0;0.0;0.0;10.2;22.3;0.0;Desconhecido
13418418317;regenerativo;leve;Run;21/01/2025 18:30:00;10.01;3115;3115;21.5;163.6;182.0;83.2;3.215;4.05;311;05:11;19.022;695.0;118.0;0;0;-28.455.027;-49.028.603;22.6;26.9;97.0;0.0;0.0;4.9;14.8;0.0;Desconhecido
13435765795;Intervalado;muito forte;Run;23/01/2025 19:33:00;7.03;2514;2516;9.7;162.6;195.0;85.1;2.798;5.933;358;05:57;21.993;504.0;73.0;0;0;-2.846.881;-49.033.183;22.4;27.0;98.0;0.0;0.0;2.3;8.3;0.0;Desconhecido
13446174893;Corrida matinal;;Run;25/01/2025 05:44:00;10.01;3016;3016;22.9;166.5;185.0;84.3;3.319;4.043;301;05:01;18.096;670.0;131.0;0;0;-28.455.058;-49.028.639;22.2;26.4;99.0;0.0;0.0;5.6;11.5;3.0;Nublado
13470067763;regenerativo;leve;Run;27/01/2025 19:57:00;7.02;2389;2389;15.6;148.8;162.0;82.0;2.937;3.633;340;05:40;2.287;473.0;52.0;0;0;-28.454.561;-49.028.337;21.6;25.2;96.0;0.3;0.3;5.8;11.5;51.0;Garoa leve
13488283706;Intervalado;muito forte;Run;29/01/2025 19:30:00;9.9;2754;2762;7.2;174.5;193.0;84.5;3.594;4.7;278;04:38;15.943;608.0;159.0;2;6;-28.483.575;-49.010.444;22.5;27.1;97.0;0.0;0.0;1.8;6.8;1.0;Principalmente limpo
13499187317;Corrida matinal;;Run;31/01/2025 04:56:00;9.52;2767;2773;21.0;167.0;190.0;85.3;3.441;4.357;291;04:50;17.407;611.0;121.0;1;1;-28.454.757;-49.028.807;21.1;23.9;95.0;0.1;0.1;8.7;16.2;51.0;Garoa leve
13516634779;longo morro;moderado;Run;02/02/2025 05:32:00;14.01;4658;4658;391.9;166.5;183.0;82.6;3.008;4.571;332;05:32;1.997;969.0;207.0;0;1;-2.845.504;-49.028.574;22.3;26.6;98.0;0.0;0.0;4.0;8.3;3.0;Nublado
13532606321;regenerativo;leve;Run;03/02/2025 19:22:00;10.01;3099;3104;8.5;164.8;175.0;82.5;3.231;4.338;310;05:09;18.786;657.0;124.0;0;1;-28.465.938;-4.898.088;22.8;27.4;98.0;0.0;0.0;3.5;8.3;1.0;Principalmente limpo
13544410534;regenerativo;leve;Run;05/02/2025 05:08:00;8.01;2684;2684;33.9;153.0;166.0;82.3;2.985;3.463;335;05:35;21.902;534.0;71.0;0;0;-28.457.044;-49.028.777;23.3;28.5;98.0;0.0;0.0;1.4;4.3;3.0;Nublado
13553529741;Intervalado;muito forte;Run;06/02/2025 05:01:00;7.61;2344;2345;25.1;162.7;195.0;83.3;3.245;4.98;308;05:08;18.931;490.0;88.0;0;0;-28.461.992;-49.024.256;25.0;29.0;82.0;0.0;0.0;5.7;16.2;1.0;Principalmente limpo
13570950196;longo morro;moderado;Run;08/02/2025 06:20:00;15.01;4436;4436;162.3;166.6;189.0;84.0;3.383;4.94;296;04:55;17.737;1008.0;201.0;0;0;-28.513.969;-49.003.258;22.0;25.9;96.0;0.0;0.0;4.4;8.6;1.0;Principalmente limpo
13579257552;regenerativo;leve;Run;09/02/2025 05:51:00;5.01;1702;1775;20.2;142.4;158.0;84.0;2.943;4.117;340;05:39;23.855;322.0;23.0;0;0;-28.460.515;-49.024.368;21.8;24.3;85.0;0.0;0.0;6.4;12.2;0.0;Desconhecido
13594546695;regenerativo;leve;Run;10/02/2025 19:18:00;9.01;2887;2901;7.4;160.0;176.0;83.0;3.121;4.033;320;05:20;20.025;609.0;97.0;0;1;-28.484.754;-49.010.874;22.6;27.0;92.0;0.0;0.0;0.4;3.2;0.0;Desconhecido
13606240807;fartlek;forte;Run;12/02/2025 05:11:00;10.01;2919;2919;25.0;163.4;183.0;86.8;3.428;4.2;292;04:51;17.846;645.0;113.0;1;2;-28.461.688;-49.024.492;26.1;31.3;90.0;0.0;0.0;7.5;13.0;1.0;Principalmente limpo
13614885348;Intervalado;muito forte;Run;13/02/2025 05:15:00;7.23;2091;2191;9.1;160.5;183.0;85.5;3.46;4.88;289;04:49;18.019;456.0;73.0;1;4;-28.461.881;-490.244;23.5;28.1;97.0;0.0;0.0;6.3;11.9;3.0;Nublado
13631694292;Corrida matinal;;Run;15/02/2025 06:47:00;13.01;3675;3680;10.2;168.2;184.0;86.9;3.54;4.467;282;04:42;16.795;840.0;171.0;0;4;-2.847.772;-49.004.635;23.2;27.7;88.0;0.0;0.0;0.2;7.2;3.0;Nublado
13649151980;regenerativo;leve;Run;17/02/2025 05:13:00;8.0;2599;2599;14.2;146.8;155.0;85.1;3.08;3.44;325;05:24;22.132;515.0;54.0;0;0;-28.461.694;-4.902.446;25.6;30.3;93.0;0.0;0.0;10.8;20.5;3.0;Nublado
13673660991;Fartlek;forte;Run;19/02/2025 18:49:00;8.01;2314;2314;13.7;161.8;189.0;84.2;3.462;5.171;289;04:48;17.855;511.0;83.0;0;0;-28.455.341;-49.028.628;21.1;24.8;95.0;0.1;0.1;2.9;6.8;51.0;Garoa leve
13690691935;progressivo;forte;Run;21/02/2025 19:01:00;14.01;4176;4178;28.7;161.7;185.0;84.0;3.356;4.614;298;04:58;18.435;953.0;154.0;0;2;-28.454.154;-49.028.171;21.5;25.4;98.0;0.0;0.0;3.8;7.9;3.0;Nublado
13711738500;regenerativo;leve;Run;24/02/2025 05:11:00;10.01;3017;3017;28.1;152.6;170.0;85.3;3.318;4.471;301;05:01;19.751;642.0;77.0;0;0;-28.461.765;-49.024.485;23.8;27.9;87.0;0.0;0.0;4.1;9.0;1.0;Principalmente limpo
13736777083;regenerativo;leve;Run;26/02/2025 19:01:00;7.01;2256;2256;13.1;149.5;161.0;83.3;3.108;3.457;322;05:21;21.525;467.0;54.0;0;0;-28.462.056;-49.024.247;25.1;29.4;89.0;0.0;0.0;8.9;17.3;3.0;Nublado
13739426334;Intervalado;muito forte;Run;27/02/2025 05:14:00;8.46;2492;2492;25.4;163.0;196.0;85.1;3.393;4.95;295;04:54;18.074;559.0;94.0;3;7;-28.466.576;-49.030.367;23.3;28.6;99.0;0.0;0.0;2.0;10.8;3.0;Nublado
13757591949;longo;moderado;Run;01/03/2025 06:39:00;12.01;3473;3473;25.0;167.8;188.0;85.6;3.458;4.4;289;04:49;17.235;816.0;154.0;1;2;-28.455.037;-49.028.615;25.0;28.5;85.0;0.0;0.0;10.9;21.6;0.0;Desconhecido
13775832104;regenerativo;leve;Run;03/03/2025 07:07:00;7.01;2206;2206;17.8;148.7;161.0;84.6;3.178;3.538;315;05:14;21.163;467.0;49.0;0;1;-28.455;-49.028.635;24.1;29.8;99.0;0.0;0.0;2.7;5.8;0.0;Desconhecido
13800731294;Intervalado;muito forte;Run;05/03/2025 19:31:00;10.04;2607;3103;5.6;163.1;187.0;85.4;3.85;5.78;260;04:19;15.923;690.0;98.0;0;0;-2.848.363;-49.010.844;23.6;26.1;84.0;0.0;0.0;11.6;26.3;0.0;Desconhecido
13809827059;fartlek;moderado;Run;06/03/2025 19:29:00;7.73;2284;2284;14.7;153.4;170.0;83.1;3.385;4.325;296;04:55;19.263;516.0;60.0;0;0;-28.454.731;-49.028.827;23.4;26.8;89.0;0.0;0.0;8.6;19.1;1.0;Principalmente limpo
13821590691;longo morro;moderado;Run;08/03/2025 06:42:00;14.01;4099;4125;275.5;161.9;188.0;84.6;3.418;5.44;293;04:52;18.073;967.0;149.0;0;0;-28.500.423;-49.068.367;24.2;27.7;90.0;0.0;0.0;11.6;26.3;0.0;Desconhecido
13840977626;regenerativo;leve;Run;10/03/2025 06:27:00;8.01;2570;2570;17.9;148.0;156.0;83.6;3.117;3.538;321;05:20;21.676;532.0;57.0;0;0;-28.455.017;-49.028.591;20.1;21.5;94.0;0.0;0.0;14.4;28.8;3.0;Nublado
13859614750;fartlek;forte;Run;12/03/2025 05:06:00;8.81;2519;2520;18.2;164.9;182.0;85.6;3.496;4.388;286;04:45;17.338;594.0;103.0;0;0;-28.455.083;-49.028.571;22.4;27.4;99.0;0.1;0.1;0.4;5.0;51.0;Garoa leve
13868835201;Intervalado;muito forte;Run;13/03/2025 05:13:00;8.67;2682;2762;10.6;162.3;193.0;84.8;3.233;6.2;309;05:09;19.057;604.0;97.0;0;0;-28.454.774;-49.028.776;21.5;25.8;100.0;0.1;0.1;2.1;6.1;51.0;Garoa leve
13887319898;regenerativo;leve;Run;15/03/2025 06:29:00;11.01;3327;3327;27.8;158.0;172.0;85.4;3.309;3.85;302;05:02;19.127;741.0;100.0;0;0;-28.455.111;-49.028.628;18.9;19.9;81.0;0.0;0.0;6.3;13.3;3.0;Nublado
13912119348;regenerativo;leve;Run;17/03/2025 20:17:00;8.01;2596;2601;2.5;143.4;155.0;83.8;3.086;4.567;324;05:24;22.601;535.0;39.0;0;0;-28.479.409;-49.007.011;20.6;24.0;96.0;0.0;0.0;3.7;7.6;0.0;Desconhecido
13924060892;Corrida matinal;;Run;19/03/2025 05:02:00;9.01;2734;2742;10.8;154.2;176.0;85.8;3.294;4.7;303;05:03;19.676;604.0;73.0;0;2;-28.455.072;-49.028.598;19.5;21.0;87.0;0.0;0.0;7.8;16.2;0.0;Desconhecido
13934123011;Intervalado;muito forte;Run;20/03/2025 06:08:00;8.5;2440;2544;12.1;163.1;194.0;85.6;3.485;6.4;287;04:47;17.603;558.0;91.0;0;1;-2.845.504;-49.028.568;19.1;20.8;90.0;0.0;0.0;6.8;13.0;0.0;Desconhecido
13952100213;Teste;muito forte;Run;22/03/2025 06:23:00;10.0;3012;3028;24.8;160.0;187.0;84.4;3.321;5.15;301;05:01;18.825;678.0;98.0;1;5;-28.462.969;-49.025.319;21.0;23.7;91.0;0.0;0.0;5.7;11.2;1.0;Principalmente limpo
13977581676;regenerativo;leve;Run;24/03/2025 19:17:00;8.01;2561;2561;4.8;142.7;157.0;83.1;3.128;4.483;320;05:19;22.404;541.0;38.0;0;0;-28.483.033;-49.012.162;21.5;24.8;94.0;0.0;0.0;6.0;15.8;1.0;Principalmente limpo
13990201138;Corrida matinal;;Run;26/03/2025 05:14:00;8.46;2307;2482;20.0;156.1;188.0;85.9;3.668;5.683;273;04:32;1.747;585.0;66.0;0;2;-28.464.373;-49.027.294;20.8;24.1;98.0;0.0;0.0;4.9;12.2;3.0;Nublado
14000194259;Moderado;moderado;Run;27/03/2025 06:06:00;8.01;2073;2084;19.7;166.0;184.0;86.9;3.865;4.329;259;04:18;1.559;543.0;87.0;0;1;-28.454.957;-49.028.709;22.7;26.2;88.0;0.0;0.0;4.9;8.6;1.0;Principalmente limpo
14018683329;Longo;forte;Run;29/03/2025 06:54:00;16.01;4462;4504;34.0;172.8;188.0;85.3;3.588;4.917;279;04:38;16.128;1099.0;245.0;3;7;-28.455.029;-49.028.601;23.5;27.6;89.0;0.0;0.0;3.9;8.3;3.0;Nublado
14036553339;Corrida matinal;;Run;31/03/2025 05:14:00;8.01;2557;2558;28.0;148.1;162.0;82.9;3.132;3.911;319;05:19;21.553;544.0;54.0;0;0;-28.454.776;-49.028.876;23.2;27.4;94.0;0.0;0.0;6.0;11.9;0.0;Desconhecido
14053518122;regenerativo;leve;Run;01/04/2025 19:20:00;5.01;1640;1640;5.0;148.9;162.0;83.1;3.055;4.2;327;05:27;21.981;357.0;36.0;0;0;-28.479.016;-49.006.584;22.8;26.5;93.0;0.0;0.0;7.1;13.7;3.0;Nublado
14056604014;Intervalado;muito forte;Run;02/04/2025 06:02:00;8.74;2435;2735;19.4;166.7;196.0;86.3;3.588;6.129;279;04:38;16.713;635.0;104.0;0;0;-28.455.065;-4.902.865;22.4;27.1;99.0;0.3;0.3;2.2;9.0;51.0;Garoa leve
14066289208;ritmado;leve;Run;03/04/2025 05:33:00;7.02;1996;2040;11.6;160.8;178.0;86.4;3.518;4.488;284;04:44;1.768;482.0;70.0;0;0;-28.455.214;-49.028.602;23.8;28.8;99.0;0.1;0.1;5.4;11.5;51.0;Garoa leve
14095674875;prova angeloni;muito forte;Run;06/04/2025 07:00:00;5.14;1136;1136;5.5;158.3;179.0;90.2;4.526;6.7;221;03:41;13.961;298.0;37.0;8;9;-28.478.184;-49.006.733;15.7;15.7;86.0;0.0;0.0;7.5;15.8;0.0;Desconhecido
14111419926;Regenerativo;leve;Run;07/04/2025 19:15:00;8.01;2708;2740;17.3;141.2;156.0;83.5;2.958;3.58;338;05:38;23.945;558.0;32.0;0;0;-28.454.873;-49.028.773;19.2;20.4;81.0;0.0;0.0;5.9;10.4;3.0;Nublado
14124501618;Intervalado;muito forte;Run;09/04/2025 05:19:00;8.11;2237;2417;24.4;158.7;186.0;88.4;3.626;5.517;276;04:35;17.379;553.0;72.0;1;3;-28.454.668;-490.288;19.4;21.3;93.0;0.0;0.0;7.7;15.8;1.0;Principalmente limpo
14134454033;longo morro;moderado;Run;10/04/2025 05:19:00;9.01;2601;2601;171.0;158.7;174.0;86.1;3.464;4.171;289;04:48;18.192;617.0;82.0;1;3;-28.454.754;-49.028.479;20.9;23.5;91.0;0.2;0.2;6.3;10.8;51.0;Garoa leve
14153881825;longo morro;moderado;Run;12/04/2025 06:38:00;15.01;4347;4378;319.8;167.5;189.0;86.9;3.453;4.8;290;04:49;1.729;1040.0;193.0;1;1;-28.500.388;-49.068.309;19.1;21.6;97.0;0.0;0.0;4.7;11.2;1.0;Principalmente limpo
14179624687;regenerativo;leve;Run;14/04/2025 20:02:00;8.0;2604;2604;33.3;140.1;151.0;84.7;3.074;3.778;326;05:25;23.233;525.0;29.0;0;0;-28.454.976;-49.028.736;18.6;20.2;96.0;0.0;0.0;9.7;20.2;1.0;Principalmente limpo
14191871633;Intervalado;muito forte;Run;16/04/2025 05:11:00;8.71;2274;2761;13.8;157.7;185.0;88.8;3.832;5.625;261;04:21;16.557;630.0;69.0;0;0;;;;;;;;;;;
14201254618;Moderado;moderado firme;Run;17/04/2025 05:07:00;11.54;3117;3117;19.5;165.3;192.0;87.6;3.702;6.58;270;04:30;1.634;779.0;128.0;1;3;-28.454.841;-49.028.612;18.3;20.9;97.0;0.0;0.0;1.9;5.8;0.0;Desconhecido
14221277685;longo;forte;Run;19/04/2025 06:42:00;14.0;3722;3727;25.3;166.4;187.0;88.5;3.762;4.84;266;04:25;1.598;952.0;160.0;3;5;-28.454.763;-49.028.858;19.2;21.9;98.0;0.0;0.0;4.5;7.9;0.0;Desconhecido
14240235214;regenerativo;leve;Run;21/04/2025 06:40:00;8.01;2518;2518;6.9;148.0;165.0;85.3;3.18;3.8;314;05:14;21.243;574.0;52.0;0;2;-28.483.349;-49.011.681;13.6;12.7;86.0;0.0;0.0;9.6;18.4;3.0;Nublado
14260392034;Intervalado;muito forte;Run;23/04/2025 05:53:00;8.66;2461;2630;14.0;162.0;190.0;87.0;3.517;5.457;284;04:44;17.543;621.0;90.0;0;1;-28.455.036;-49.028.617;16.9;18.1;94.0;0.0;0.0;5.8;12.2;3.0;Nublado
14295198885;regenerativo;leve;Run;24/04/2025 19:46:00;1.54;540;603;2.0;142.4;157.0;85.5;2.856;4.06;351;05:50;24.621;129.0;8.0;0;0;-28.483.157;-49.013.231;16.2;17.3;95.0;0.0;0.0;5.2;10.8;3.0;Nublado
14295200039;regenerativo;leve;Run;24/04/2025 19:59:00;5.01;1531;1539;4.4;153.3;169.0;84.6;3.272;4.95;306;05:05;19.935;347.0;40.0;0;2;-28.483.121;-49.022.073;16.2;17.3;95.0;0.0;0.0;5.2;10.8;3.0;Nublado
14295200853;prova gam;muito forte;Run;26/04/2025 16:13:00;4.03;901;939;4.4;152.3;178.0;90.3;4.477;5.617;224;03:43;14.682;246.0;22.0;2;6;-28.483.654;-49.018.498;17.4;19.2;98.0;0.0;0.0;4.7;10.1;0.0;Desconhecido
14299991894;prova polio;muito forte;Run;27/04/2025 07:02:00;5.03;1112;1112;3.0;177.7;190.0;91.9;4.522;6.2;221;03:41;12.442;309.0;67.0;1;1;-28.477.349;-48.992.961;18.0;19.8;96.0;0.0;0.0;6.5;12.6;0.0;Desconhecido
14309549090;Corrida matinal;;Run;28/04/2025 05:20:00;8.3;2636;2636;20.3;146.8;161.0;86.6;3.15;4.063;318;05:17;21.635;580.0;50.0;0;1;-28.455.114;-49.028.561;19.9;22.4;98.0;0.2;0.2;8.0;14.8;51.0;Garoa leve
14330546283;Intervalado;muito forte;Run;30/04/2025 05:18:00;8.06;2491;2492;12.0;153.8;185.0;87.2;3.235;6.217;309;05:09;20.098;548.0;57.0;1;1;-28.461.022;-49.024.439;13.2;12.5;84.0;0.0;0.0;6.8;13.3;0.0;Desconhecido
14347813980;progressivo;forte;Run;01/05/2025 15:44:00;8.01;2138;2138;24.4;162.4;182.0;88.0;3.747;4.488;267;04:26;16.435;533.0;80.0;0;1;-28.467.277;-49.030.193;11.9;11.5;96.0;0.0;0.0;5.9;12.2;0.0;Desconhecido
14363105714;longo;forte;Run;03/05/2025 06:33:00;16.0;4475;4480;29.4;166.5;195.0;87.7;3.576;5.25;280;04:39;16.799;1118.0;190.0;2;3;-28.455.142;-49.028.621;15.8;16.4;92.0;0.0;0.0;6.4;11.9;3.0;Nublado
14382545582;regenerativo;leve;Run;05/05/2025 05:13:00;10.01;3121;3134;23.3;147.1;158.0;85.9;3.207;3.722;312;05:11;21.196;676.0;65.0;0;0;-28.455;-4.902.855;16.5;18.1;99.0;0.0;0.0;4.8;10.1;3.0;Nublado
14392398085;Intervalado;muito forte;Run;06/05/2025 05:11:00;11.44;3203;3318;19.3;152.0;186.0;86.4;3.573;5.925;280;04:39;18.421;719.0;74.0;0;1;-2.846.112;-49.023.773;15.4;16.1;94.0;0.0;0.0;5.9;11.2;0.0;Desconhecido
14403458723;regenerativo;leve;Run;07/05/2025 06:23:00;10.01;3115;3115;32.9;151.6;166.0;86.8;3.213;3.75;311;05:11;20.528;698.0;75.0;0;0;-28.461.116;-49.024.409;19.4;21.4;94.0;0.0;0.0;6.9;13.3;3.0;Nublado
14413353081;fartlek;forte;Run;08/05/2025 05:13:00;12.01;3248;3248;24.6;164.0;185.0;87.8;3.698;5.12;270;04:30;16.488;805.0;130.0;0;3;-28.454.752;-49.028.833;18.9;20.0;83.0;0.0;0.0;6.4;12.2;3.0;Nublado
14413353061;regenerativo;leve;Run;08/05/2025 06:09:00;1.13;310;310;2.7;158.8;162.0;87.3;3.659;5.638;274;04:34;17.273;75.0;9.0;0;0;-28.446.316;-49.023.097;18.9;20.0;83.0;0.0;0.0;6.4;12.2;3.0;Nublado
14434238711;longo;muito forte;Run;10/05/2025 06:49:00;16.31;4250;4457;15.8;166.9;189.0;88.7;3.837;5.16;261;04:20;15.614;1094.0;188.0;7;14;-28.477.491;-48.992.764;18.6;21.0;95.0;0.7;0.7;2.7;16.6;53.0;Garoa moderada
14456156823;regenerativo;leve;Run;12/05/2025 09:54:00;10.0;3244;3249;27.3;138.7;148.0;86.4;3.084;4.05;324;05:24;23.389;657.0;31.0;0;0;-2.845.602;-49.027.691;13.4;13.3;93.0;0.0;0.0;5.2;10.4;1.0;Principalmente limpo
14466681499;Intervalado;muito forte;Run;13/05/2025 09:28:00;10.6;3018;3019;22.6;167.3;194.0;86.5;3.511;5.14;285;04:44;17.017;751.0;126.0;0;0;-28.455.026;-49.028.595;16.4;17.4;91.0;0.0;0.0;4.7;11.5;1.0;Principalmente limpo
14475678019;regenerativo;leve;Run;14/05/2025 05:12:00;10.01;3561;3561;24.7;132.6;146.0;84.2;2.81;3.28;356;05:55;26.825;674.0;18.0;0;0;-2.845.351;-4.902.778;18.1;19.3;93.0;0.0;0.0;8.9;18.0;0.0;Desconhecido
14488482753;moderado;moderado;Run;15/05/2025 08:48:00;12.01;3093;3132;19.7;173.8;188.0;87.3;3.882;5.22;258;04:17;14.816;814.0;176.0;1;1;-28.454.784;-49.028.747;16.5;17.6;93.0;0.0;0.0;5.5;11.2;3.0;Nublado
14492722530;Skateboarding;skate;Workout;15/05/2025 15:15:00;3.16;1382;1819;0.0;115.4;131.0;51.4;2.29;5.6;437;07:17;37.894;179.0;4.0;0;0;;;;;;;;;;;
14507390252;longo morro;moderado;TrailRun;17/05/2025 07:28:00;11.17;4353;4625;185.2;148.6;187.0;82.9;2.566;4.78;390;06:29;26.225;893.0;81.0;0;2;-28.023.634;-48.613.915;19.5;21.2;92.0;0.0;0.0;8.8;19.8;3.0;Nublado
14533078188;regenerativo;leve;Run;19/05/2025 15:56:00;10.02;3220;3291;25.8;138.3;152.0;84.9;3.111;3.9;321;05:21;23.239;671.0;30.0;0;0;-28.456.015;-49.027.692;20.9;23.2;84.0;0.0;0.0;4.3;11.5;2.0;Parcialmente nublado
14539454409;Intervalado;muito forte;Run;20/05/2025 09:29:00;10.22;3035;3250;40.3;152.4;190.0;82.9;3.367;5.783;297;04:56;19.488;704.0;72.0;0;0;-28.454.717;-49.028.891;17.6;19.9;98.0;0.0;0.0;2.1;5.0;0.0;Desconhecido
14554683905;regenerativo;leve;Run;21/05/2025 16:43:00;10.01;3176;3251;27.8;147.9;164.0;84.5;3.151;4.217;317;05:17;21.454;688.0;67.0;0;0;-28.466.591;-49.030.959;18.6;20.0;95.0;0.1;0.1;9.7;21.2;51.0;Garoa leve
14560016903;longo morro;moderado;Run;22/05/2025 08:02:00;13.43;4468;4468;538.4;164.3;198.0;83.6;3.006;4.5;333;05:32;2.025;1043.0;181.0;0;0;-28.455.929;-4.902.867;15.2;15.5;92.0;0.0;0.0;6.3;12.2;2.0;Parcialmente nublado
14578938832;longo;forte;Run;24/05/2025 06:59:00;21.07;5783;5856;41.6;158.0;191.0;88.6;3.644;5.46;274;04:34;17.373;1456.0;179.0;3;7;-28.483.699;-49.012.244;16.8;17.2;83.0;0.0;0.0;5.4;12.6;3.0;Nublado
14598405976;regenerativo;leve;Run;26/05/2025 06:29:00;10.01;3119;3119;23.0;150.5;171.0;86.7;3.209;3.775;312;05:11;20.704;709.0;71.0;0;0;-28.454.801;-49.028.803;17.5;18.2;89.0;0.0;0.0;7.7;14.8;2.0;Parcialmente nublado
14608875466;Intervalado;muito forte;Run;27/05/2025 06:52:00;11.42;3379;3606;126.5;148.4;186.0;86.0;3.378;6.986;296;04:55;19.939;736.0;69.0;0;0;-28.478.204;-48.999.632;17.1;18.6;96.0;0.0;0.0;6.1;11.9;3.0;Nublado
14628670725;Moderado;moderado firme;Run;29/05/2025 05:13:00;13.71;3766;3766;28.5;157.5;179.0;88.7;3.64;4.833;275;04:34;17.441;933.0;112.0;1;3;-2.845.476;-49.028.921;14.9;13.8;75.0;0.0;0.0;9.2;32.4;0.0;Desconhecido
14650829822;longo;forte;Run;31/05/2025 07:12:00;21.16;5749;5757;49.8;166.4;204.0;89.0;3.68;5.044;272;04:31;16.328;1467.0;244.0;1;6;-28.455.035;-49.028.584;9.2;7.6;93.0;0.0;0.0;7.3;14.0;3.0;Nublado
14670163867;Intervalado;muito forte;Run;02/06/2025 05:08:00;10.29;3245;3250;60.7;163.6;188.0;87.1;3.17;3.775;315;05:15;19.279;749.0;129.0;0;0;-28.455.075;-49.028.555;10.1;9.1;94.0;0.0;0.0;5.6;11.5;0.0;Desconhecido
14680614496;Intervalado;muito forte;Run;03/06/2025 05:18:00;10.45;2860;3021;46.2;163.6;188.0;86.4;3.654;5.8;274;04:33;1.673;744.0;112.0;0;0;-2.845.482;-49.030.026;15.9;17.1;97.0;1.1;1.1;4.6;8.6;55.0;Garoa densa
14709395296;regenerativo;leve;Run;04/06/2025 06:11:00;10.01;3132;3142;37.0;145.5;161.0;86.1;3.195;3.955;313;05:12;21.505;691.0;57.0;0;0;-28.454.598;-49.029.611;15.3;16.2;96.0;0.0;0.0;4.8;10.8;1.0;Principalmente limpo
14709398531;longo morro;moderado;Run;05/06/2025 19:47:00;11.01;3424;3424;317.4;165.2;191.0;84.1;3.216;4.7;311;05:10;18.826;850.0;142.0;1;3;-28.455.094;-49.031.139;17.1;18.7;97.0;0.0;0.0;5.3;12.2;3.0;Nublado
14721744089;Moderado;moderado firme;Run;07/06/2025 05:48:00;16.0;4227;4361;68.3;163.0;187.0;87.5;3.785;5.46;264;04:24;16.209;1100.0;158.0;0;2;-28.454.821;-49.029.039;15.4;15.4;81.0;0.0;0.0;4.3;9.7;3.0;Nublado
14743955526;regenerativo;leve;Run;09/06/2025 05:22:00;10.01;3156;3156;34.5;148.2;160.0;85.6;3.17;3.813;315;05:15;21.275;711.0;67.0;0;0;-28.455.086;-4.902.858;13.7;13.0;91.0;0.0;0.0;9.8;19.1;1.0;Principalmente limpo
14753184193;moderado;moderado;Run;10/06/2025 06:30:00;10.62;2952;3573;54.2;132.9;163.0;85.7;3.598;6.586;278;04:37;20.918;641.0;23.0;0;0;-28.454.767;-4.902.944;12.7;11.7;89.0;0.0;0.0;9.0;18.7;0.0;Desconhecido
14774339129;fartlek;forte;Run;12/06/2025 05:06:00;12.01;3268;3268;37.2;157.8;180.0;87.2;3.675;5.08;272;04:32;17.243;820.0;104.0;1;3;-28.455.049;-49.028.629;10.6;9.3;91.0;0.0;0.0;7.4;14.4;2.0;Parcialmente nublado
14784839224;regenerativo;leve;Run;13/06/2025 05:42:00;11.5;4002;4002;43.0;142.7;157.0;85.2;2.874;3.683;348;05:48;24.387;824.0;57.0;0;0;-28.454.841;-49.028.965;10.2;8.9;89.0;0.0;0.0;6.9;13.7;0.0;Desconhecido
14798499095;longo morro;moderado;Run;14/06/2025 11:13:00;18.01;5887;6110;553.7;160.5;185.0;84.1;3.059;4.92;327;05:26;20.368;1388.0;147.0;0;4;-28.023.807;-49.371.225;9.9;8.1;99.0;0.1;0.1;12.7;39.2;51.0;Garoa leve
14832187093;regenerativo;leve;Run;17/06/2025 05:04:00;7.6;2277;2745;17.8;129.9;156.0;85.4;3.339;5.929;300;04:59;23.064;463.0;10.0;0;0;-28.454.933;-49.028.404;15.9;15.9;95.0;0.0;0.0;11.4;21.2;3.0;Nublado
14863863411;regenerativo;leve;Run;20/06/2025 17:11:00;8.01;2482;2537;4.2;153.3;173.0;84.3;3.228;4.76;310;05:09;20.215;568.0;44.0;0;2;-28.478.734;-49.003.719;16.5;18.6;100.0;0.0;0.0;1.8;5.4;3.0;Nublado
14869212844;Teste;muito forte;Run;21/06/2025 07:50:00;8.3;2345;2569;17.0;156.5;175.0;87.6;3.541;5.567;282;04:42;18.051;586.0;50.0;0;3;-28.454.765;-49.028.785;16.0;15.5;75.0;0.0;0.0;7.3;16.6;0.0;Desconhecido
14901366933;regenerativo;leve;Run;23/06/2025 18:14:00;10.01;3091;3158;5.7;147.4;159.0;84.7;3.237;4.625;309;05:08;2.095;702.0;33.0;1;3;-28.477.303;-49.004.227;17.2;18.5;96.0;2.5;2.5;6.6;18.7;63.0;Chuva moderada
14906193986;Intervalado;muito forte;Run;24/06/2025 19:27:00;12.48;3290;3504;38.3;166.6;191.0;88.1;3.792;5.6;264;04:23;15.822;877.0;106.0;1;1;-28.462.209;-49.024.291;8.9;5.7;83.0;0.0;0.0;15.0;30.6;0.0;Desconhecido
14916654298;regenerativo;leve;Run;25/06/2025 19:00:00;10.01;3007;3028;22.7;153.0;161.0;85.2;3.33;4.043;300;05:00;19.634;702.0;54.0;0;0;-28.454.969;-49.028.604;4.8;1.4;74.0;0.0;0.0;9.0;16.9;0.0;Desconhecido
14919785442;longo morro;moderado;Run;26/06/2025 05:04:00;12.01;3383;3427;200.2;172.7;190.0;85.8;3.549;4.567;282;04:41;16.312;897.0;134.0;2;4;-28.455.322;-49.031.174;11.9;10.0;79.0;0.0;0.0;9.5;19.4;1.0;Principalmente limpo
14941131698;longo morro;moderado;Run;28/06/2025 07:14:00;16.01;5200;5234;642.5;169.5;192.0;83.8;3.079;5.16;325;05:24;19.162;1257.0;187.0;2;2;-28.455.275;-49.030.946;10.4;8.8;84.0;0.0;0.0;7.2;14.0;3.0;Nublado
14966956155;regenerativo;leve;Run;30/06/2025 18:09:00;12.01;3644;3693;7.9;150.3;163.0;84.8;3.297;5.08;303;05:03;20.186;825.0;51.0;0;1;-28.477.684;-49.004.716;11.1;9.8;83.0;0.0;0.0;6.4;18.4;0.0;Desconhecido
14970790804;Intervalado;muito forte;Run;01/07/2025 05:13:00;12.01;3365;3693;14.7;159.1;189.0;84.0;3.57;5.917;280;04:40;17.612;863.0;77.0;0;0;-28.462.255;-49.024.351;8.6;5.4;64.0;0.0;0.0;9.7;18.7;0.0;Desconhecido
14988637943;regenerativo;leve;Run;02/07/2025 18:43:00;10.01;3020;3020;5.0;149.7;159.0;83.7;3.315;3.63;302;05:01;20.154;687.0;39.0;0;0;-28.514.124;-49.003.221;5.2;1.9;71.0;0.0;0.0;8.0;15.1;0.0;Desconhecido
14992324659;moderado;moderado firme;Run;03/07/2025 05:54:00;12.01;2927;2927;31.4;170.4;187.0;90.3;4.104;6.12;244;04:03;14.302;788.0;104.0;0;4;-28.455.001;-49.028.646;11.2;9.6;77.0;0.0;0.0;6.0;13.7;2.0;Parcialmente nublado
15014555585;longo;forte;Run;05/07/2025 08:21:00;18.03;4563;4661;31.7;170.3;190.0;88.7;3.952;6.217;253;04:13;14.862;1218.0;164.0;0;1;-2.845.497;-49.028.624;13.0;11.8;86.0;0.0;0.0;9.5;20.2;3.0;Nublado
15014555509;regenerativo;leve;Run;05/07/2025 09:39:00;1.8;523;523;5.1;159.9;168.0;86.7;3.449;3.944;291;04:50;18.174;130.0;13.0;0;0;-28.463.776;-49.016.725;13.0;11.8;86.0;0.0;0.0;9.5;20.2;3.0;Nublado
15034878910;regenerativo;leve;Run;07/07/2025 05:12:00;10.01;3000;3000;24.8;149.7;163.0;86.4;3.336;4.4;300;04:59;2.002;697.0;39.0;0;1;-28.454.998;-49.028.605;9.2;8.0;95.0;0.0;0.0;6.1;12.2;0.0;Desconhecido
15043313699;Intervalado;muito forte;Run;08/07/2025 05:23:00;10.0;2545;2767;29.5;165.2;190.0;90.4;3.931;5.34;254;04:14;15.406;701.0;74.0;1;1;-28.462.183;-49.024.182;9.9;8.8;94.0;0.0;0.0;6.0;12.2;0.0;Desconhecido
15066125664;Fartlek;forte;Run;10/07/2025 05:21:00;12.01;3111;3111;20.6;157.2;175.0;89.6;3.86;5.078;259;04:19;16.476;824.0;66.0;0;0;-28.454.771;-49.028.799;8.9;7.8;100.0;0.0;0.0;5.5;10.4;3.0;Nublado
15076769529;regenerativo;leve;Run;11/07/2025 05:00:00;13.01;3905;3905;22.6;144.6;159.0;86.6;3.331;4.62;300;05:00;20.761;859.0;28.0;0;2;-28.454.877;-49.028.685;11.1;10.9;99.0;0.0;0.0;3.1;7.6;2.0;Parcialmente nublado
15088609624;longo;forte;Run;12/07/2025 07:36:00;18.0;4463;4468;33.1;170.7;191.0;90.0;4.034;4.678;248;04:07;14.523;1231.0;166.0;0;1;-28.454.997;-49.028.675;12.2;12.3;97.0;0.0;0.0;3.6;7.2;1.0;Principalmente limpo
15108307688;regenerativo;leve;Run;14/07/2025 05:08:00;12.01;3599;3599;31.5;140.1;149.0;86.6;3.336;4.457;300;04:59;21.392;772.0;16.0;0;0;-28.455.001;-49.028.605;14.2;14.2;85.0;0.0;0.0;3.6;6.1;0.0;Desconhecido
15119298527;fartlek;forte;Run;15/07/2025 05:00:00;10.43;2833;2833;13.2;154.7;179.0;88.6;3.68;5.113;272;04:31;17.557;700.0;54.0;0;1;-28.455.004;-4.902.866;12.9;13.3;98.0;0.0;0.0;3.2;5.8;0.0;Desconhecido
15141866814;longo morro;moderado;Run;17/07/2025 05:00:00;12.01;3462;3462;368.6;171.5;197.0;86.3;3.47;4.913;288;04:48;1.681;903.0;135.0;5;5;-2.845.505;-49.028.582;16.0;15.1;77.0;0.0;0.0;11.0;20.5;3.0;Nublado
15152606660;regenerativo;leve;Run;18/07/2025 05:07:00;10.01;3001;3004;27.7;142.7;156.0;87.6;3.335;4.3;300;04:59;21.009;676.0;33.0;0;0;-28.454.784;-49.028.746;14.4;15.1;95.0;0.1;0.1;3.5;6.8;51.0;Garoa leve
15164416661;longo morro;moderado;Run;19/07/2025 07:08:00;15.01;4898;4947;570.3;168.5;202.0;85.5;3.064;4.88;326;05:26;19.365;1222.0;202.0;1;4;-28.454.999;-49.028.556;11.6;10.7;89.0;0.0;0.0;5.4;11.9;0.0;Desconhecido
15184458931;regenerativo;leve;Run;21/07/2025 05:23:00;10.85;3286;3286;26.0;149.2;167.0;87.5;3.302;3.855;303;05:02;20.302;759.0;62.0;0;1;-28.454.765;-49.028.816;9.9;9.3;96.0;0.0;0.0;3.6;7.6;0.0;Desconhecido
15203760436;fartlek;forte;Run;22/07/2025 19:21:00;10.84;2818;2821;7.2;162.4;187.0;89.4;3.845;6.22;260;04:19;1.601;726.0;89.0;7;8;-28.483.819;-49.013.361;11.4;11.2;93.0;0.0;0.0;1.5;6.1;3.0;Nublado
15241216702;regenerativo;leve;Run;26/07/2025 08:30:00;6.0;1786;1832;13.3;151.2;162.0;87.9;3.362;4.55;298;04:57;19.689;427.0;37.0;0;0;-28.454.777;-49.028.809;14.6;14.8;94.0;0.0;0.0;6.1;11.9;1.0;Principalmente limpo
15252212650;prova garopaba run;muito forte;Run;27/07/2025 08:00:00;8.5;2295;2819;122.7;169.9;195.0;85.8;3.705;5.56;270;04:30;15.892;653.0;99.0;1;2;-28.023.565;-48.614.104;15.5;15.6;97.0;0.0;0.0;11.1;19.8;3.0;Nublado
15271879845;regenerativo;leve;Run;29/07/2025 05:04:00;11.01;3319;3352;22.8;148.2;160.0;88.9;3.318;4.043;302;05:01;20.344;754.0;59.0;0;0;-28.455.011;-49.028.573;13.9;9.1;58.0;0.0;0.0;25.6;51.8;1.0;Principalmente limpo
15292771302;regenerativo;leve;Run;30/07/2025 18:46:00;10.01;3094;3094;19.5;151.3;162.0;87.5;3.235;3.671;309;05:09;2.043;699.0;65.0;0;0;-28.454.742;-49.028.798;10.2;7.0;65.0;0.0;0.0;12.5;24.5;0.0;Desconhecido
15295454771;Intervalado;muito forte;Run;31/07/2025 05:53:00;10.75;3021;3224;18.9;158.2;186.0;86.9;3.559;5.7;281;04:41;17.762;782.0;82.0;0;1;-28.454.782;-49.028.804;8.9;7.5;88.0;0.0;0.0;4.6;9.4;0.0;Desconhecido
15317532253;Progressivo;forte;Run;02/08/2025 06:50:00;16.01;4038;4050;48.1;166.6;186.0;90.3;3.964;5.26;252;04:12;15.138;1094.0;155.0;0;0;-28.455.027;-49.028.615;15.6;14.3;83.0;0.0;0.0;14.8;28.8;3.0;Nublado
15338449296;regenerativo;leve;Run;04/08/2025 05:07:00;10.01;3022;3022;25.7;139.3;150.0;86.1;3.312;3.8;302;05:01;21.673;657.0;19.0;0;1;-28.455.065;-4.902.859;17.0;17.9;95.0;0.0;0.0;8.2;17.3;3.0;Nublado
15478414836;regenerativo;leve;Run;16/08/2025 09:22:00;8.0;3214;3218;201.4;161.1;184.0;82.6;2.491;3.471;402;06:41;24.941;707.0;103.0;0;1;-28.455.014;-49.028.605;14.0;13.6;88.0;0.0;0.0;7.1;13.7;3.0;Nublado
15498462657;regenerativo;leve;Run;18/08/2025 05:59:00;10.01;2983;2983;25.7;152.5;163.0;86.8;3.355;3.79;298;04:58;19.541;701.0;69.0;0;1;-28.454.824;-4.902.872;13.6;13.7;93.0;0.0;0.0;3.8;8.6;1.0;Principalmente limpo
15530113003;Intervalado;muito forte;Run;20/08/2025 18:53:00;10.76;3360;3404;6.2;162.2;204.0;82.8;3.203;5.5;312;05:12;19.254;798.0;104.0;0;0;-28.455.614;-49.028.706;18.6;18.0;81.0;0.0;0.0;16.3;36.0;3.0;Nublado
15540780329;moderado;moderado;Run;21/08/2025 18:28:00;6.01;1738;1738;0.0;156.8;172.0;86.4;3.457;4.017;289;04:49;18.444;425.0;47.0;0;0;-28.477.425;-49.004.312;15.4;15.4;87.0;0.0;0.0;6.5;13.0;0.0;Desconhecido
15544560069;regenerativo;leve;Run;22/08/2025 05:58:00;4.01;1194;1194;5.9;154.2;171.0;87.9;3.357;4.011;298;04:57;19.313;284.0;28.0;0;0;-28.454.972;-49.028.707;16.4;16.2;91.0;0.0;0.0;12.8;25.2;2.0;Parcialmente nublado
15568337567;prova unimed;muito forte;Run;24/08/2025 07:36:00;9.74;2270;2270;8.0;181.7;196.0;89.1;4.293;4.922;233;03:53;12.829;668.0;141.0;2;6;-28.469.804;-48.988.624;11.6;9.8;95.0;3.7;3.7;14.5;32.4;63.0;Chuva moderada
15598056486;regenerativo;leve;Run;26/08/2025 18:09:00;12.0;3533;3549;9.8;153.1;168.0;85.6;3.397;4.65;294;04:54;19.229;842.0;83.0;0;0;-28.477.288;-49.004.161;12.1;12.3;97.0;0.2;0.2;2.7;6.1;51.0;Garoa leve
15621106870;Intervalado;muito forte;Run;28/08/2025 18:51:00;11.13;3041;3106;16.0;158.5;184.0;85.6;3.661;5.2;273;04:33;17.237;781.0;88.0;0;0;-28.455.109;-49.028.587;15.4;16.6;97.0;0.3;0.3;2.5;5.0;51.0;Garoa leve
15624717691;regenerativo;leve;Run;29/08/2025 06:22:00;10.01;2948;2948;5.6;155.3;169.0;86.4;3.394;4.267;294;04:54;18.963;698.0;74.0;0;0;-28.478.819;-49.003.929;13.9;14.7;99.0;0.0;0.0;3.1;7.6;0.0;Desconhecido
15648173225;longo morro;moderado;Run;31/08/2025 08:12:00;15.01;4349;4356;400.2;172.6;200.0;86.4;3.451;5.4;290;04:49;16.784;1143.0;204.0;0;3;-2.845.477;-49.028.857;17.3;18.3;96.0;0.0;0.0;8.9;19.8;3.0;Nublado
15664717987;regenerativo;leve;Run;01/09/2025 18:19:00;11.01;3288;3308;11.8;150.3;165.0;84.7;3.348;4.817;299;04:58;19.867;770.0;66.0;0;1;-2.847.634;-49.006.908;17.9;18.1;93.0;0.1;0.1;14.7;29.2;51.0;Garoa leve
15676388441;fartlek;forte;Run;02/09/2025 18:11:00;14.02;3758;3780;14.2;160.0;187.0;87.5;3.729;5.2;268;04:28;1.675;958.0;116.0;4;11;-28.477.309;-4.900.421;18.6;18.7;90.0;0.0;0.0;16.0;33.8;3.0;Nublado
15680575789;regenerativo;leve;Run;03/09/2025 05:51:00;10.01;3093;3093;12.8;151.4;168.0;86.7;3.237;3.725;309;05:08;2.041;716.0;67.0;0;0;-2.845.475;-49.028.842;19.9;19.8;81.0;0.0;0.0;16.7;33.1;3.0;Nublado
15692244539;moderado;moderado firme;Run;04/09/2025 05:43:00;12.02;3166;3166;27.5;165.1;186.0;88.1;3.796;4.8;263;04:23;15.954;818.0;120.0;1;2;-28.454.773;-49.028.775;19.8;20.5;85.0;0.0;0.0;13.0;26.6;3.0;Nublado
15716587254;longo;forte;Run;06/09/2025 08:33:00;18.01;4496;4540;34.6;158.6;184.0;90.2;4.006;4.96;250;04:09;15.738;1233.0;125.0;3;4;-28.455.069;-4.902.863;10.6;8.4;88.0;0.0;0.0;12.1;24.1;3.0;Nublado
15746182335;Regenerativo;leve;Run;08/09/2025 19:58:00;12.01;3690;3721;26.5;142.8;155.0;85.0;3.254;3.733;307;05:07;21.513;812.0;37.0;0;0;-28.454.761;-49.028.842;16.3;15.6;84.0;0.0;0.0;12.8;25.2;3.0;Nublado
15749826470;Intervalado;muito forte;Run;09/09/2025 06:33:00;11.07;2869;3193;0.0;165.9;194.0;88.9;3.859;5.65;259;04:19;15.624;803.0;109.0;2;4;-28.476.906;-49.003.734;19.2;20.5;88.0;0.0;0.0;8.8;23.8;3.0;Nublado
15769455101;Regenerativo;leve;Run;10/09/2025 18:55:00;10.01;3284;3386;4.7;136.6;157.0;85.0;3.047;4.25;328;05:28;24.019;693.0;25.0;0;0;-28.483.291;-49.013.636;11.1;10.9;95.0;0.0;0.0;2.7;8.6;0.0;Desconhecido
15772961492;moderado;forte;Run;11/09/2025 05:53:00;11.0;3005;3005;25.2;156.1;177.0;89.6;3.66;5.28;273;04:33;17.502;754.0;75.0;0;0;-28.454.866;-49.028.768;12.1;10.8;80.0;0.0;0.0;6.6;13.0;0.0;Desconhecido
15784381655;moderado;moderado;Run;12/09/2025 06:37:00;10.0;2945;2969;7.5;150.0;165.0;87.2;3.396;4.133;294;04:54;19.633;685.0;59.0;0;0;-28.476.945;-49.003.777;15.1;14.7;87.0;0.0;0.0;9.7;20.9;2.0;Parcialmente nublado
15808768606;progressivo;forte;Run;14/09/2025 08:49:00;16.0;4147;4147;29.2;160.6;182.0;88.4;3.859;4.686;259;04:19;16.139;1095.0;127.0;1;2;-28.454.897;-49.028.771;13.5;13.0;89.0;0.0;0.0;7.2;14.4;1.0;Principalmente limpo
15817427118;Regenerativo;Leve;Run;15/09/2025 06:17:00;12.01;3553;3553;24.1;147.5;162.0;86.7;3.38;3.986;296;04:55;20.054;829.0;58.0;0;0;-28.454.747;-4.903.003;16.4;16.2;85.0;0.0;0.0;9.5;18.4;3.0;Nublado
15828804757;Intervalado;muito forte;Run;16/09/2025 06:31:00;11.0;2943;3225;0.0;165.4;198.0;85.7;3.739;6.217;268;04:27;16.173;809.0;106.0;0;2;-284.778;-49.004.833;17.1;18.2;98.0;0.2;0.2;9.1;16.6;51.0;Garoa leve
15847996818;Regenerativo;leve;Run;17/09/2025 18:55:00;10.01;3224;3245;18.6;136.5;157.0;82.9;3.104;4.243;322;05:22;23.597;669.0;21.0;0;0;-28.485.038;-49.010.467;17.6;17.7;92.0;0.0;0.0;14.2;37.8;3.0;Nublado
15851658407;longo morro;moderado;Run;18/09/2025 05:46:00;12.01;3219;3219;185.9;161.2;188.0;86.1;3.73;5.283;268;04:28;16.625;856.0;99.0;0;1;-28.454.984;-4.902.865;17.0;18.4;95.0;0.0;0.0;5.6;14.4;0.0;Desconhecido
15863299472;Regenerativo;leve;Run;19/09/2025 06:40:00;10.0;2893;2893;12.3;147.9;163.0;85.7;3.458;4.213;289;04:49;19.561;688.0;52.0;0;0;-28.477.596;-49.004.594;18.0;19.4;96.0;0.0;0.0;8.8;23.4;3.0;Nublado
15877019319;longo;forte;Run;20/09/2025 09:33:00;21.14;5544;5681;31.3;173.7;190.0;87.5;3.814;5.24;262;04:22;15.101;1482.0;284.0;0;3;-28.454.766;-49.028.906;16.7;18.6;98.0;0.0;0.0;2.5;4.3;0.0;Desconhecido
15915306733;Regenerativo;leve;Run;23/09/2025 18:59:00;10.6;3187;3329;86.4;140.4;180.0;84.4;3.327;6.5;301;05:00;21.417;708.0;36.0;0;0;-28.455.032;-49.028.569;11.2;10.7;95.0;0.0;0.0;4.8;11.9;0.0;Desconhecido
15919321636;Intervalado;muito forte;Run;24/09/2025 06:36:00;10.0;2929;2953;12.4;150.4;163.0;87.6;3.415;4.45;293;04:52;19.475;691.0;64.0;0;0;-28.477.757;-49.004.756;12.4;11.2;73.0;0.0;0.0;3.3;6.8;0.0;Desconhecido
15930039224;moderado ;moderado;Run;25/09/2025 05:59:00;12.53;3372;3372;26.7;152.7;169.0;87.2;3.715;5.12;269;04:29;17.623;862.0;75.0;0;0;-28.454.739;-49.028.895;15.9;15.0;69.0;0.0;0.0;6.3;13.0;3.0;Nublado
15953629359;longo;forte;Run;27/09/2025 09:42:00;16.21;4382;4480;27.7;172.2;193.0;88.8;3.698;5.063;270;04:30;15.697;1155.0;207.0;1;9;-28.454.957;-49.028.667;13.5;13.0;86.0;0.0;0.0;6.1;18.0;0.0;Desconhecido
15981232720;Regenerativo;leve;Run;29/09/2025 19:47:00;12.0;3544;3544;27.4;142.8;160.0;85.3;3.387;4.57;295;04:55;20.679;785.0;38.0;0;0;-28.454.808;-49.028.714;17.0;18.4;93.0;0.0;0.0;4.9;13.7;0.0;Desconhecido
15996268570;Intervalado;muito forte;Run;01/10/2025 06:00:00;12.22;3107;3732;11.0;158.1;188.0;87.1;3.934;6.74;254;04:14;16.085;894.0;85.0;0;0;-28.454.766;-49.028.864;18.5;20.6;98.0;1.3;1.3;6.7;13.3;61.0;Chuva leve
16007619868;moderado ;moderado firme;Run;02/10/2025 06:31:00;8.52;2216;2216;6.1;160.5;176.0;88.7;3.846;5.086;260;04:20;16.206;570.0;68.0;0;4;-28.477.751;-49.004.765;17.6;19.4;92.0;0.0;0.0;3.0;9.7;3.0;Nublado
16018503500;Regenerativo;leve;Run;03/10/2025 06:51:00;5.48;1597;1608;3.9;148.7;158.0;86.3;3.434;4.44;291;04:51;19.597;382.0;32.0;0;0;-28.476.326;-4.899.581;19.4;20.9;95.0;0.0;0.0;11.5;23.4;3.0;Nublado
16040944213;prova unimed;muito forte;Run;05/10/2025 07:31:00;10.06;2327;2327;8.7;156.4;168.0;89.7;4.322;5.567;231;03:51;14.789;659.0;63.0;1;2;-28.476.459;-48.995.974;19.8;20.7;92.0;0.0;0.0;15.6;37.8;1.0;Principalmente limpo
16060744174;Regenerativo;leve;Run;07/10/2025 05:51:00;10.0;2980;2986;94.7;145.6;158.0;85.0;3.357;4.75;298;04:58;20.467;682.0;46.0;0;0;-23.626.925;-46.664.585;21.6;22.3;70.0;0.0;0.0;9.5;29.2;3.0;Nublado
16105613651;longo morro;moderado;Run;11/10/2025 08:28:00;16.01;5181;5190;523.0;171.4;187.0;83.8;3.09;5.34;324;05:23;1.888;1330.0;243.0;1;6;-28.455.091;-49.028.641;17.1;17.3;88.0;0.0;0.0;10.7;21.6;1.0;Principalmente limpo
16125158470;longo morro;moderado firme;Run;13/10/2025 06:02:00;12.01;3520;3520;23.9;148.0;157.0;85.9;3.412;3.856;293;04:53;19.804;805.0;67.0;0;0;-28.454.788;-49.028.791;18.0;20.8;99.0;0.0;0.0;0.5;8.3;0.0;Desconhecido
16135589884;Intervalado;muito forte;Run;14/10/2025 06:04:00;11.4;2913;3024;21.5;154.3;171.0;88.8;3.912;5.86;256;04:15;16.559;788.0;70.0;0;1;-28.454.777;-490.288;16.5;18.4;100.0;0.0;0.0;1.8;6.1;3.0;Nublado
16157664250;progressivo;forte;Run;16/10/2025 05:50:00;14.04;3574;3574;24.2;158.5;183.0;88.4;3.927;5.086;255;04:14;16.063;961.0;102.0;0;2;-28.454.758;-49.028.901;16.9;17.2;85.0;0.0;0.0;8.1;17.3;0.0;Desconhecido
16195181237;longo;moderado;Run;19/10/2025 15:16:00;21.16;5654;5697;43.9;168.1;194.0;87.5;3.743;4.729;267;04:27;15.895;1471.0;238.0;0;0;-28.462.723;-49.024.958;14.7;12.8;76.0;0.0;0.0;13.8;29.5;1.0;Principalmente limpo
16209345876;moderado ;forte;Run;21/10/2025 06:24:00;14.01;3335;3369;5.0;160.3;185.0;89.7;4.201;5.16;238;03:58;14.847;941.0;102.0;7;15;-28.477.408;-49.004.382;15.1;14.6;79.0;0.0;0.0;6.3;16.2;1.0;Principalmente limpo
16240043719;Intervalado;muito forte;Run;24/10/2025 06:35:00;10.01;2616;2638;5.6;161.8;183.0;87.9;3.825;5.757;261;04:21;1.615;687.0;85.0;4;8;-2.847.775;-49.004.781;17.7;17.6;84.0;0.0;0.0;12.2;25.6;3.0;Nublado
16261789889;longo;forte;Run;26/10/2025 08:16:00;18.01;4863;4873;29.8;159.4;186.0;87.4;3.704;4.813;270;04:30;16.939;1229.0;149.0;0;3;-28.454.985;-49.028.605;19.0;21.4;93.0;0.0;0.0;3.1;5.8;3.0;Nublado
16279599935;Intervalado;muito forte;Run;28/10/2025 06:09:00;11.23;3139;3508;29.1;149.0;173.0;85.5;3.577;5.743;280;04:39;18.758;780.0;56.0;0;0;-2.845.473;-49.028.858;17.8;18.8;86.0;0.0;0.0;5.7;12.2;3.0;Nublado
16309909332;Regenerativo;leve;Run;31/10/2025 05:59:00;8.02;2400;2400;17.4;145.1;159.0;86.8;3.34;3.838;299;04:59;20.627;551.0;34.0;0;0;-28.454.778;-49.028.807;15.8;17.1;97.0;0.1;0.1;2.9;4.7;51.0;Garoa leve
16330734612;Prova Farol shopping;muito forte;Run;02/11/2025 06:30:00;20.83;4994;4994;26.5;181.1;198.0;90.0;4.17;5.571;240;03:59;13.241;1427.0;316.0;5;16;-28.473.158;-4.899.509;19.1;22.0;98.0;0.0;0.0;2.4;6.5;3.0;Nublado
16360804723;regenerativo;leve;Run;05/11/2025 05:09:00;10.01;2925;2925;15.5;150.3;162.0;86.3;3.421;4.133;292;04:52;19.441;693.0;60.0;0;2;-28.455.019;-49.028.669;18.9;21.7;100.0;0.0;0.0;2.8;5.8;3.0;Nublado
16371490132;moderado ;moderado firme;Run;06/11/2025 05:07:00;13.1;3419;3419;30.2;165.7;191.0;88.1;3.83;4.825;261;04:20;15.751;913.0;132.0;0;1;-28.454.815;-49.028.844;17.4;16.0;80.0;0.0;0.0;17.8;40.3;1.0;Principalmente limpo
16392719006;longo morro;moderado;Run;08/11/2025 07:25:00;18.01;5228;5237;413.1;165.1;186.0;85.5;3.445;5.26;290;04:50;17.583;1319.0;198.0;0;3;-28.500.338;-49.067.858;16.2;15.4;97.0;0.0;0.0;19.3;45.0;2.0;Parcialmente nublado
16421865285;Intervalado;muito forte;Run;11/11/2025 05:03:00;12.71;3738;4302;16.7;138.9;178.0;82.2;3.399;6.16;294;04:54;21.174;786.0;45.0;0;0;-28.455.086;-49.028.584;13.1;12.4;81.0;0.0;0.0;5.5;11.2;0.0;Desconhecido
16444046683;moderado ;moderado firme;Run;13/11/2025 06:29:00;14.01;3524;3616;8.3;168.9;186.0;88.9;3.975;5.033;252;04:11;1.489;971.0;155.0;2;5;-2.847.775;-49.004.681;20.9;23.8;91.0;0.0;0.0;4.1;13.3;3.0;Nublado
16489739964;Regenerativo;leve;Run;17/11/2025 19:39:00;12.01;3361;3361;26.3;156.6;175.0;86.0;3.573;4.243;280;04:39;17.874;842.0;86.0;1;1;-28.455.046;-49.028.556;22.3;25.5;91.0;0.0;0.0;7.1;18.7;3.0;Nublado
16500388938;Intervalado;muito forte;Run;18/11/2025 20:19:00;12.3;3063;3681;22.5;161.5;190.0;87.9;4.016;6.02;249;04:09;15.418;923.0;99.0;0;0;-28.455.045;-49.028.507;18.0;19.9;93.0;0.3;0.3;2.9;7.9;51.0;Garoa leve
16533290580;longo morro;moderado;Run;22/11/2025 08:11:00;21.17;6895;6902;582.9;161.3;186.0;84.6;3.07;4.544;326;05:25;20.192;1632.0;226.0;0;2;-28.455.032;-4.902.858;21.0;20.4;85.0;0.0;0.0;24.9;55.4;3.0;Nublado
16553003032;Regenerativo;leve;Run;24/11/2025 06:35:00;11.01;3278;3278;21.2;145.2;157.0;85.7;3.358;3.88;298;04:57;20.503;750.0;47.0;0;0;-284.547;-49.028.834;16.4;17.3;91.0;0.1;0.1;4.8;9.7;51.0;Garoa leve
16559707789;Teste;muito forte;Run;25/11/2025 05:17:00;8.24;2191;2433;13.1;158.2;173.0;87.3;3.76;5.583;266;04:25;16.808;592.0;60.0;0;3;-28.454.764;-49.028.776;17.4;18.7;90.0;0.0;0.0;4.6;9.0;0.0;Desconhecido
16580002517;moderado ;moderado firme;Run;27/11/2025 06:03:00;11.01;2732;2921;25.8;170.6;188.0;90.3;4.029;4.717;248;04:08;14.543;746.0;125.0;0;0;-28.455.003;-49.028.628;18.9;19.8;86.0;0.0;0.0;8.7;16.2;2.0;Parcialmente nublado
16598708022;longo;forte;Run;29/11/2025 06:17:00;21.02;5380;5380;18.0;167.7;184.0;88.8;3.908;4.925;256;04:15;15.259;1439.0;221.0;5;10;-28.480.072;-49.005.829;19.6;21.6;90.0;0.0;0.0;6.7;14.8;3.0;Nublado
16623219434;Regenerativo;leve;Run;01/12/2025 19:00:00;8.03;2587;2587;19.3;141.6;155.0;83.6;3.104;3.95;322;05:22;22.754;552.0;25.0;0;0;-28.455.032;-49.028.594;20.4;22.3;82.0;0.0;0.0;4.0;7.6;3.0;Nublado
16634606111;Regenerativo;leve;Run;02/12/2025 19:14:00;12.0;3826;3900;20.2;144.2;158.0;85.3;3.138;4.45;319;05:18;22.108;825.0;50.0;0;0;-28.484.525;-49.010.407;19.6;22.3;99.0;0.0;0.0;6.0;11.2;3.0;Nublado
16652697883;longo morro;moderado;Run;04/12/2025 19:37:00;12.01;4158;4162;382.2;152.6;177.0;82.8;2.887;4.8;346;05:46;22.687;912.0;90.0;0;0;-28.454.818;-49.028.842;18.1;19.6;92.0;0.0;0.0;6.2;12.6;1.0;Principalmente limpo
16655557460;Regenerativo;leve;Run;05/12/2025 06:44:00;11.02;3163;3178;8.3;148.9;165.0;86.5;3.483;5.14;287;04:47;19.275;760.0;65.0;0;2;-28.477.646;-49.004.628;20.0;21.6;88.0;0.0;0.0;8.2;15.8;3.0;Nublado
16689937416;Regenerativo;leve;Run;08/12/2025 18:45:00;10.0;3005;3005;30.0;151.4;163.0;84.9;3.329;3.757;300;05:00;19.848;705.0;70.0;0;0;-28.454.734;-49.028.756;21.5;26.0;100.0;0.0;0.0;0.7;2.5;3.0;Nublado
16691628264;moderado ;moderado firme;Run;09/12/2025 04:53:00;11.49;3601;3601;42.0;143.5;169.0;83.9;3.189;4.671;313;05:13;2.184;807.0;48.0;0;0;-28.454.978;-49.028.626;21.9;23.6;91.0;0.1;0.1;15.5;31.0;51.0;Garoa leve
16711553026;Intervalado;muito forte;Run;11/12/2025 06:49:00;7.2;1812;2539;0.0;157.1;184.0;89.9;3.973;6.371;252;04:11;16.022;436.0;46.0;1;1;-28.477.118;-4.900.395;21.4;19.5;59.0;0.0;0.0;19.6;40.3;0.0;Desconhecido
16725567393;Regenerativo;leve;Run;12/12/2025 18:29:00;10.01;2925;2960;5.6;152.5;163.0;85.8;3.421;4.511;292;04:52;19.161;691.0;69.0;1;1;-28.477.592;-49.004.491;19.0;20.7;86.0;0.0;0.0;3.4;10.1;0.0;Desconhecido
16730700180;Longo;moderado;Run;13/12/2025 07:16:00;21.11;6245;6288;516.0;172.3;193.0;84.8;3.38;4.943;296;04:55;17.168;1610.0;309.0;1;1;-28.500.318;-49.068.451;22.1;24.3;80.0;0.0;0.0;6.6;11.9;3.0;Nublado
16756348244;Regenerativo;leve;Run;16/12/2025 06:33:00;10.01;3155;3158;142.3;146.4;160.0;84.0;3.173;4.943;315;05:15;2.153;707.0;51.0;1;2;-28.477.702;-49.004.664;23.0;27.5;96.0;0.0;0.0;4.7;10.8;3.0;Nublado
16771996891;Regenerativo;leve;Run;17/12/2025 19:03:00;10.0;2997;3022;6.9;138.7;152.0;85.0;3.338;3.857;300;04:59;21.608;654.0;18.0;0;0;-28.483.649;-48.963.521;20.0;19.3;64.0;0.0;0.0;11.0;24.1;1.0;Principalmente limpo
16774743430;longo morro;Leve;Run;18/12/2025 06:10:00;7.09;2712;3294;287.6;137.8;175.0;83.5;2.613;4.98;382;06:22;27.758;608.0;26.0;0;0;-28.455.214;-49.031.073;19.9;19.9;70.0;0.0;0.0;9.5;19.8;3.0;Nublado
16793532003;Regenerativo;leve;Run;20/12/2025 09:51:00;12.5;3628;3628;54.5;161.0;181.0;85.8;3.445;4.067;290;04:50;18.025;894.0;114.0;0;0;-28.454.805;-49.028.874;21.0;23.2;93.0;0.0;0.0;11.0;21.2;0.0;Desconhecido
16801299393;longo morro;moderado;Run;21/12/2025 06:44:00;17.0;6056;6281;711.5;155.5;183.0;83.1;2.807;4.94;356;05:56;22.907;1343.0;153.0;0;1;-28.454.407;-49.028.316;22.1;23.6;84.0;0.0;0.0;14.2;32.0;1.0;Principalmente limpo
16824722688;moderado ;moderado;Run;23/12/2025 19:55:00;12.0;3047;3047;23.8;163.0;180.0;87.5;3.94;4.8;254;04:13;15.577;806.0;104.0;0;0;-28.454.961;-49.030.637;24.0;29.2;96.0;0.0;0.0;3.3;6.1;3.0;Nublado
16829418262;Regenerativo;leve;Run;24/12/2025 09:23:00;10.01;2936;2941;23.1;162.3;175.0;86.2;3.408;4.15;293;04:53;18.071;729.0;95.0;0;0;-28.455.036;-49.028.629;24.8;28.8;90.0;0.0;0.0;10.0;17.6;3.0;Nublado
16832539321;Skateboarding;skate;Workout;24/12/2025 16:17:00;5.02;2651;3263;9.0;120.3;149.0;57.9;1.893;10.717;528;08:48;43.899;375.0;10.0;0;0;-28.241.014;-48.663.801;24.5;29.7;95.0;1.6;1.6;4.5;19.8;61.0;Chuva leve
16837301422;Intervalado;muito forte;Run;25/12/2025 10:21:00;9.47;2779;2819;2.2;158.7;189.0;87.1;3.407;6.38;294;04:53;18.494;666.0;72.0;0;0;-28.483.761;-49.012.635;24.4;29.6;96.0;0.1;0.1;4.8;13.7;51.0;Garoa leve
16842679603;Regenerativo;leve;Run;26/12/2025 06:28:00;10.01;3018;3022;7.7;142.0;152.0;85.6;3.315;3.983;302;05:01;21.232;665.0;30.0;0;0;-28.477.753;-49.004.889;23.2;28.1;96.0;0.0;0.0;2.8;7.9;3.0;Nublado
16852771592;Longo;moderado;Run;27/12/2025 06:29:00;20.01;5809;5812;30.4;154.7;176.0;86.6;3.444;4.117;290;04:50;18.765;1385.0;142.0;0;0;-28.455.011;-49.028.614;24.0;28.5;95.0;0.0;0.0;6.7;13.0;3.0;Nublado
16921944401;longo morro;moderado;Run;03/01/2026 06:19:00;22.11;7595;7629;885.4;169.1;202.0;83.4;2.911;4.571;344;05:43;20.313;1835.0;331.0;2;3;-28.454.844;-49.028.771;21.9;25.7;95.0;0.0;0.0;3.6;9.4;0.0;Desconhecido
16943147695;Regenerativo;leve;Run;05/01/2026 06:28:00;12.01;3671;3696;18.4;146.5;156.0;85.0;3.27;3.983;306;05:05;20.867;814.0;62.0;0;1;-28.477.719;-49.004.671;16.5;15.4;68.0;0.0;0.0;9.4;18.4;0.0;Desconhecido
16954284562;moderado ;moderado firme;Run;06/01/2026 06:32:00;14.01;3357;3361;5.7;177.9;197.0;89.6;4.174;5.383;240;03:59;13.468;952.0;197.0;9;15;-28.477.655;-49.004.648;19.4;20.1;74.0;0.0;0.0;5.6;10.1;0.0;Desconhecido
16965257609;Regenerativo;leve;Run;07/01/2026 04:57:00;10.01;3087;3087;25.6;148.2;163.0;85.7;3.241;3.72;308;05:08;2.081;702.0;56.0;0;0;-28.454.916;-4.902.869;21.2;22.0;80.0;0.0;0.0;13.0;27.7;0.0;Desconhecido
16976599266;Intervalado;muito forte;Run;08/01/2026 05:08:00;9.19;2519;2534;9.1;163.3;192.0;86.4;3.649;5.32;274;04:34;16.785;633.0;87.0;0;0;-28.454.734;-49.028.848;21.8;25.5;94.0;0.0;0.0;4.4;7.9;2.0;Parcialmente nublado
16999197384;Longo;moderado firme;Run;10/01/2026 06:05:00;30.01;9033;9126;98.7;156.8;174.0;85.7;3.322;4.075;301;05:00;19.196;2082.0;248.0;0;0;-28.455.034;-49.028.581;24.0;28.1;93.0;0.0;0.0;8.4;21.2;3.0;Nublado
17052428153;Regenerativo;leve;Run;14/01/2026 18:54:00;8.02;2531;2531;18.7;151.1;164.0;85.1;3.167;3.617;316;05:15;20.887;562.0;57.0;0;0;-2.845.482;-49.028.725;23.5;28.6;97.0;0.0;0.0;2.5;4.7;1.0;Principalmente limpo
17056509230;Moderado;moderado;Run;15/01/2026 06:36:00;10.74;2871;2899;3.5;173.1;191.0;88.1;3.741;5.46;267;04:27;15.442;748.0;146.0;0;3;-28.477.746;-49.004.742;24.0;28.9;95.0;0.0;0.0;3.9;8.3;0.0;Desconhecido
17113286330;Regenerativo;leve;Run;20/01/2026 06:36:00;8.01;2322;2322;13.4;154.6;166.0;87.8;3.45;4.55;290;04:49;18.752;553.0;59.0;1;1;-28.477.685;-49.004.716;17.0;16.8;84.0;0.0;0.0;11.5;25.9;1.0;Principalmente limpo
17225624719;Regenerativo;leve;Run;30/01/2026 06:38:00;8.54;2575;2589;7.5;158.8;175.0;86.5;3.315;4.1;302;05:01;18.986;606.0;73.0;0;0;-28.477.728;-49.004.754;21.1;24.6;96.0;0.0;0.0;4.2;8.6;3.0;Nublado
17304736790;Prova Gam;moderado firme;Run;06/02/2026 07:02:00;4.94;1193;1193;27.6;179.3;198.0;89.0;4.142;5.36;242;04:01;13.469;337.0;68.0;0;0;-28.455.076;-48.959.258;22.7;26.5;91.0;0.0;0.0;4.4;7.6;0.0;Desconhecido
17448550958;Moderado;moderado;Run;19/02/2026 06:47:00;8.02;2130;2148;5.9;177.4;197.0;87.8;3.764;5.12;266;04:25;14.972;562.0;115.0;0;0;-28.476.659;-49.003.424;22.0;25.6;90.0;0.0;0.0;3.6;7.9;3.0;Nublado
17482893001;Intervalado;muito forte;Run;22/02/2026 08:21:00;12.0;3225;3323;27.0;177.6;198.0;87.5;3.721;4.62;269;04:28;15.135;845.0;181.0;0;0;-28.454.962;-49.028.559;21.8;24.3;80.0;0.0;0.0;3.9;6.5;3.0;Nublado
17492970013;Regenerativo;leve;Run;23/02/2026 07:55:00;8.5;2505;2508;5.5;154.7;171.0;87.0;3.393;4.2;295;04:54;1.905;586.0;64.0;0;0;-28.476.532;-49.003.299;21.1;24.0;88.0;0.0;0.0;3.9;17.6;3.0;Nublado
17503522763;Intervalado;muito forte;Run;24/02/2026 06:35:00;8.51;2560;2561;0.0;162.7;199.0;87.9;3.325;5.18;301;05:00;18.488;640.0;77.0;1;1;-28.477.685;-49.004.712;23.0;24.9;83.0;0.0;0.0;12.7;25.2;3.0;Nublado
17528033046;Moderado;moderado;Run;26/02/2026 06:34:00;8.01;2042;2074;5.7;173.4;195.0;87.7;3.924;5.1;255;04:14;1.47;541.0;101.0;0;0;-28.476.815;-4.900.355;21.2;23.1;95.0;0.1;0.1;15.0;28.4;51.0;Garoa leve
17564213737;longo morro;moderado;Run;01/03/2026 08:08:00;15.06;4856;4856;401.1;172.6;197.0;83.8;3.102;4.457;322;05:22;18.679;1180.0;238.0;0;3;-28.454.772;-49.028.809;19.9;22.1;84.0;0.0;0.0;2.2;6.1;0.0;Desconhecido
17581108238;Regenerativo;leve;Run;02/03/2026 18:14:00;8.31;2495;2539;5.7;156.6;172.0;85.3;3.332;4.483;300;05:00;1.917;580.0;68.0;0;0;-28.476.617;-4.900.337;21.8;23.8;77.0;0.0;0.0;4.2;7.6;1.0;Principalmente limpo
17585718297;Intervalado;muito forte;Run;03/03/2026 06:38:00;7.64;1925;2347;0.0;173.3;196.0;88.2;3.969;6.12;252;04:11;14.541;601.0;78.0;0;0;-28.476.565;-49.003.245;20.7;22.8;83.0;0.0;0.0;4.5;9.0;1.0;Principalmente limpo
17610827041;longo morro;moderado;Run;05/03/2026 06:04:00;10.01;3120;3128;102.5;157.7;183.0;86.3;3.207;4.233;312;05:11;19.765;722.0;61.0;0;0;-28.454.842;-49.028.682;21.0;23.8;90.0;0.0;0.0;5.0;9.4;0.0;Desconhecido
17635125143;Longo;moderado;Run;07/03/2026 08:04:00;16.01;4372;4422;28.7;174.6;189.0;87.3;3.661;4.875;273;04:33;15.641;1130.0;190.0;0;2;-2.845.501;-49.028.615;23.6;25.9;77.0;0.0;0.0;9.0;17.3;3.0;Nublado
17678424944;Intervalado;muito forte;Run;10/03/2026 18:25:00;8.2;2350;2568;15.4;153.5;180.0;85.2;3.489;6.183;287;04:46;18.671;580.0;42.0;0;0;-2.846.099;-49.024.469;20.1;22.7;89.0;0.0;0.0;2.4;5.4;3.0;Nublado
17694835328;Moderado;moderado;Run;12/03/2026 06:27:00;11.0;2941;2941;3.4;172.1;199.0;87.6;3.741;5.62;267;04:27;15.537;753.0;112.0;0;0;-28.477.732;-49.004.796;21.0;23.0;86.0;0.0;0.0;7.3;19.4;3.0;Nublado
17706065214;Regenerativo;leve;Run;13/03/2026 06:35:00;8.21;2573;2691;5.6;159.6;173.0;85.3;3.189;4.371;313;05:13;19.637;594.0;63.0;0;0;-28.477.439;-49.004.392;21.0;24.8;97.0;0.0;0.0;2.5;6.1;3.0;Nublado
17729319819;Longo;moderado;Run;15/03/2026 06:57:00;15.02;4188;4188;31.3;157.0;182.0;87.4;3.587;4.68;279;04:38;17.758;1008.0;90.0;0;0;-28.454.754;-4.902.885;20.9;24.4;97.0;0.0;0.0;3.6;9.7;1.0;Principalmente limpo
17751841109;Intervalado;muito forte;Run;17/03/2026 06:34:00;8.66;2582;2586;0.0;163.6;191.0;85.3;3.354;5.443;298;04:58;18.227;614.0;66.0;0;1;-28.477.107;-4.900.399;24.8;28.8;89.0;0.0;0.0;9.6;23.4;3.0;Nublado
17773005205;Regenerativo;leve;Run;18/03/2026 18:58:00;8.5;2804;2814;5.7;137.8;152.0;83.6;3.031;4.02;330;05:29;2.394;569.0;13.0;0;0;-2.848.359;-49.012.708;23.0;27.9;94.0;0.0;0.0;1.0;3.2;3.0;Nublado
17776917819;longo morro;Moderado;Run;19/03/2026 06:33:00;8.01;2363;2371;213.3;156.9;182.0;84.7;3.39;4.5;295;04:55;18.802;561.0;50.0;2;6;-28.477.709;-49.004.712;22.8;27.8;98.0;0.0;0.0;1.5;11.2;0.0;Desconhecido
17800955923;longo morro;moderado;Run;21/03/2026 06:26:00;15.01;4607;4639;365.9;154.6;178.0;84.5;3.258;4.883;307;05:06;19.851;1040.0;90.0;0;0;-28.500.419;-49.068.264;21.4;25.3;97.0;0.0;0.0;2.9;7.6;1.0;Principalmente limpo
17825615224;Regenerativo;leve;Run;23/03/2026 06:35:00;8.2;2542;2548;5.6;148.5;157.0;84.7;3.225;4.317;310;05:10;20.875;557.0;28.0;0;0;-28.477.559;-49.004.511;23.2;28.3;99.0;0.1;0.1;2.9;5.8;51.0;Garoa leve
17838077724;Regenerativo;leve;Run;24/03/2026 06:39:00;2.02;586;586;3.0;153.6;169.0;85.7;3.441;4.72;290;04:50;18.887;139.0;9.0;0;0;-28.477.694;-49.004.728;23.5;27.9;92.0;0.0;0.0;4.3;8.6;3.0;Nublado
17838077635;Teste;muito forte;Run;24/03/2026 06:53:00;5.18;1346;1349;2.2;172.0;187.0;86.7;3.851;6.06;260;04:19;15.105;347.0;52.0;1;1;-28.481.964;-49.008.984;23.2;27.8;95.0;0.0;0.0;3.7;7.9;3.0;Nublado
17860736953;Skateboarding;skate;Workout;25/03/2026 19:45:00;6.05;2867;3514;0.0;109.3;138.0;53.5;2.11;4.94;474;07:53;43.358;330.0;7.0;0;0;;;;;;;;;;;
17863245972;Moderado;Moderado;Run;26/03/2026 06:36:00;8.01;2061;2111;2.5;172.5;192.0;88.5;3.888;5.25;257;04:17;14.916;536.0;83.0;1;2;-28.477.735;-49.004.739;23.0;27.3;94.0;0.0;0.0;4.2;13.0;0.0;Desconhecido
17894486356;longo;moderado firme;Run;28/03/2026 19:11:00;18.01;4774;4815;11.5;168.1;184.0;87.1;3.772;5.1;265;04:25;1.577;1213.0;157.0;0;1;-28.477.641;-49.004.512;25.0;29.5;92.0;0.0;0.0;8.4;17.6;0.0;Desconhecido
17931259530;Intervalado;muito forte;Run;31/03/2026 19:01:00;10.56;2992;3301;56.8;155.3;191.0;83.8;3.528;6.338;283;04:43;18.242;749.0;60.0;0;1;-28.455.017;-49.028.685;21.8;25.5;94.0;0.2;0.2;3.2;16.2;51.0;Garoa leve
17935647437;Regenerativo;leve;Run;01/04/2026 06:38:00;10.01;3147;3153;5.8;147.1;153.0;86.1;3.18;3.967;314;05:14;21.373;681.0;31.0;0;0;-28.477.651;-4.900.462;18.9;21.0;94.0;0.0;0.0;5.5;11.9;0.0;Desconhecido
17960704597;Moderado;moderado;Run;03/04/2026 07:05:00;8.01;2196;2196;12.7;153.9;176.0;87.4;3.648;4.629;274;04:34;17.817;525.0;40.0;0;0;-28.455.024;-49.028.599;21.5;25.1;94.0;0.0;0.0;4.5;9.7;0.0;Desconhecido
17960712109;Regenerativo;leve;Run;03/04/2026 07:43:00;5.37;1887;1887;11.8;136.2;151.0;85.1;2.846;3.175;351;05:51;2.58;373.0;8.0;0;0;-28.458.156;-4.902.662;21.5;25.1;94.0;0.0;0.0;4.5;9.7;0.0;Desconhecido
17985527108;Regenerativo;leve;Run;05/04/2026 06:35:00;2.01;664;670;0.0;130.7;152.0;85.9;3.026;4.567;330;05:30;25.272;138.0;2.0;0;0;-28.478.344;-49.005.568;22.5;27.0;99.0;0.0;0.0;3.5;6.1;1.0;Principalmente limpo
17985527366;Prova Angeloni;muito forte;Run;05/04/2026 06:59:00;5.08;1115;1115;5.3;168.9;183.0;92.0;4.554;5.457;220;03:39;12.996;316.0;38.0;6;7;-28.478.268;-49.007;22.5;27.0;99.0;0.0;0.0;3.5;6.1;1.0;Principalmente limpo
18024694399;Regenerativo;leve;Run;08/04/2026 06:30:00;10.0;3012;3012;41.7;151.1;167.0;87.2;3.321;3.722;301;05:01;19.934;682.0;47.0;0;0;-28.454.816;-49.028.703;25.5;28.4;78.0;0.0;0.0;11.7;27.4;3.0;Nublado
18038413512;Intervalado;muito forte;Run;09/04/2026 06:05:00;10.01;2787;2982;37.2;159.5;184.0;86.9;3.591;6.0;278;04:38;17.455;686.0;68.0;0;0;-28.454.999;-49.028.598;20.2;21.3;74.0;0.0;0.0;5.6;13.0;0.0;Desconhecido
18078635673;longo morro;moderado firme;Run;12/04/2026 07:23:00;15.07;5479;5507;630.0;153.8;175.0;84.0;2.751;4.633;364;06:03;23.641;1197.0;95.0;0;2;-28.454.741;-49.028.729;20.7;21.5;81.0;0.0;0.0;12.3;24.1;3.0;Nublado
18102135782;Intervalado;muito forte;Run;14/04/2026 06:16:00;9.72;2895;3026;93.4;149.9;193.0;85.3;3.358;6.167;298;04:57;19.867;653.0;41.0;0;0;-28.454.804;-49.028.781;21.2;24.4;93.0;0.0;0.0;4.5;12.6;3.0;Nublado
18129364246;longo morro;moderado;Run;16/04/2026 06:07:00;10.01;3007;3007;241.0;167.5;192.0;85.5;3.329;5.4;300;05:00;17.934;742.0;98.0;0;1;-28.455.009;-49.028.639;21.0;22.6;80.0;0.0;0.0;7.2;15.1;3.0;Nublado
18157006730;fartlek;muito forte;Run;18/04/2026 07:37:00;14.01;3677;4023;23.5;175.9;192.0;87.2;3.809;5.017;262;04:22;14.923;975.0;165.0;1;1;-28.454.991;-49.028.551;19.8;22.9;99.0;0.0;0.0;4.1;9.0;0.0;Desconhecido
18170621050;Regenerativo;leve;Run;19/04/2026 07:06:00;10.01;3044;3044;13.5;149.8;161.0;86.1;3.288;4.3;304;05:04;2.03;676.0;39.0;0;0;-28.455.037;-49.028.593;17.2;19.0;98.0;0.0;0.0;4.9;10.8;0.0;Desconhecido
18181790145;Regenerativo;leve;Run;20/04/2026 06:11:00;10.01;3080;3080;24.1;147.2;156.0;86.3;3.249;3.66;308;05:07;20.904;669.0;29.0;0;0;-28.455.047;-49.028.588;17.6;18.9;92.0;0.0;0.0;6.3;12.2;0.0;Desconhecido
18196430601;Intervalado;muito forte;Run;21/04/2026 07:52:00;11.91;3341;3598;42.9;158.0;191.0;83.7;3.564;5.733;280;04:40;17.753;822.0;72.0;0;0;-28.454.982;-49.028.566;18.5;20.3;94.0;0.0;0.0;5.2;10.8;3.0;Nublado
18209187835;Staff madame;;Ride;22/04/2026 06:08:00;7.37;2267;2534;38.1;92.4;116.0;;3.252;7.21;308;05:07;3.329;158.0;4.0;0;0;-28.457.943;-49.026.751;20.2;22.7;92.0;0.0;0.0;6.2;12.6;0.0;Desconhecido
18223235535;Moderado;Moderado;Run;23/04/2026 06:32:00;8.35;2252;2309;2.8;157.7;177.0;87.4;3.71;4.883;270;04:29;17.102;558.0;47.0;1;1;-28.477.741;-49.004.746;20.6;23.1;89.0;0.0;0.0;5.2;11.2;0.0;Desconhecido
18243588788;Corrida da tarde;;Run;24/04/2026 17:29:26;5.01;1785;1795;3.7;132.6;146.0;84.1;2.804;3.9;356;5:56;2.687;344.0;7.0;0;0;-28.484672;-49.016069;21.4;25.5;99.0;0.0;0.0;2.3;5.4;3.0;Nublado
18265021105;Prova Sesi 26;;Run;26/04/2026 08:00:12;4.96;1098;1098;3.6;176.8;194.0;90.3;4.513;6.6;221;3:41;1.2523;317.0;49.0;0;6;-28.484552;-49.016113;20.2;23.9;98.0;0.0;0.0;0.6;5.0;2.0;Parcialmente nublado
18289878430;Regenerativo;;Run;28/04/2026 06:32:31;10.21;3217;3499;5.4;149.5;160.0;84.8;3.173;4.14;315;5:15;2.1077;701.0;44.0;0;0;-28.477486;-49.004486;13.6;11.5;55;0.0;0.0;5.7;10.8;0;Desconhecido
