id;name;sport_type;start_date;distance_km;moving_time_sec;elapsed_time_sec;elevation_gain;average_heartrate;max_heartrate;average_cadence;average_speed;max_speed;pace_sec_km;pace_formatted;efficiency_index;calories;suffer_score;pr_count;achievement_count
18181790145;Regenerando;Run;20/04/2026 06:11:51;10.01;3080;3080;24.1;147.2;156.0;86.3;3.249;3.66;308;5:07;2.0904;669.0;29.0;0;0
18170621050;Corrida matinal;Run;19/04/2026 07:06:24;10.01;3044;3044;13.5;149.8;161.0;86.1;3.288;4.3;304;5:04;2.03;676.0;39.0;0;0
18157006730;Fartlek quebrado;Run;18/04/2026 07:37:50;14.01;3677;4023;23.5;175.9;192.0;87.2;3.809;5.017;262;4:22;1.4923;975.0;165.0;1;1
18129364246;Corrida matinal;Run;16/04/2026 06:07:23;10.01;3007;3007;241.0;167.5;192.0;85.5;3.329;5.4;300;5:00;1.7934;742.0;98.0;0;1
18102135782;Tiroteio;Run;14/04/2026 06:16:10;9.72;2895;3026;93.4;149.9;193.0;85.3;3.358;6.167;298;4:57;1.9867;653.0;41.0;0;0
18078635673;Corrida matinal;Run;12/04/2026 07:23:03;15.07;5479;5507;630.0;153.8;175.0;84.0;2.751;4.633;364;6:03;2.3641;1197.0;95.0;0;2
18038413512;Corrida matinal;Run;09/04/2026 06:05:35;10.01;2787;2982;37.2;159.5;184.0;86.9;3.591;6.0;278;4:38;1.7455;686.0;68.0;0;0
18024694399;Corrida matinal;Run;08/04/2026 06:30:40;10.0;3012;3012;41.7;151.1;167.0;87.2;3.321;3.722;301;5:01;1.9934;682.0;47.0;0;0
17985527366;Corrida matinal;Run;05/04/2026 06:59:17;5.08;1115;1115;5.3;168.9;183.0;92.0;4.554;5.457;220;3:39;1.2996;316.0;38.0;6;7
17985527108;Corrida matinal;Run;05/04/2026 06:35:19;2.01;664;670;0.0;130.7;152.0;85.9;3.026;4.567;330;5:30;2.5272;138.0;2.0;0;0
17960712109;Com a madame 👸🏻;Run;03/04/2026 07:43:44;5.37;1887;1887;11.8;136.2;151.0;85.1;2.846;3.175;351;5:51;2.58;373.0;8.0;0;0
17960704597;Corrida matinal;Run;03/04/2026 07:05:28;8.01;2196;2196;12.7;153.9;176.0;87.4;3.648;4.629;274;4:34;1.7817;525.0;40.0;0;0
17935647437;Corrida matinal;Run;01/04/2026 06:38:46;10.01;3147;3153;5.8;147.1;153.0;86.1;3.18;3.967;314;5:14;2.1373;681.0;31.0;0;0
17931259530;Tirinhos;Run;31/03/2026 19:01:51;10.56;2992;3301;56.8;155.3;191.0;83.8;3.528;6.338;283;4:43;1.8242;749.0;60.0;0;1
17894486356;Corrida ao entardecer;Run;28/03/2026 19:11:34;18.01;4774;4815;11.5;168.1;184.0;87.1;3.772;5.1;265;4:25;1.577;1213.0;157.0;0;1
17863245972;Corrida matinal;Run;26/03/2026 06:36:02;8.01;2061;2111;2.5;172.5;192.0;88.5;3.888;5.25;257;4:17;1.4916;536.0;83.0;1;2
17860736953;Treino ao entardecer;Workout;25/03/2026 19:45:51;6.05;2867;3514;0.0;109.3;138.0;53.5;2.11;4.94;474;7:53;4.3358;330.0;7.0;0;0
17838077635;Corrida matinal;Run;24/03/2026 06:53:02;5.18;1346;1349;2.2;172.0;187.0;86.7;3.851;6.06;260;4:19;1.5105;347.0;52.0;1;1
17838077724;Corrida matinal;Run;24/03/2026 06:39:00;2.02;586;586;3.0;153.6;169.0;85.7;3.441;4.72;290;4:50;1.8887;139.0;9.0;0;0
17825615224;Corrida matinal;Run;23/03/2026 06:35:29;8.2;2542;2548;5.6;148.5;157.0;84.7;3.225;4.317;310;5:10;2.0875;557.0;28.0;0;0
17800955923;Corrida matinal;Run;21/03/2026 06:26:33;15.01;4607;4639;365.9;154.6;178.0;84.5;3.258;4.883;307;5:06;1.9851;1040.0;90.0;0;0
17776917819;Corrida matinal;Run;19/03/2026 06:33:45;8.01;2363;2371;213.3;156.9;182.0;84.7;3.39;4.5;295;4:55;1.8802;561.0;50.0;2;6
17773005205;Corrida ao entardecer;Run;18/03/2026 18:58:33;8.5;2804;2814;5.7;137.8;152.0;83.6;3.031;4.02;330;5:29;2.394;569.0;13.0;0;0
17751841109;5x 1000;Run;17/03/2026 06:34:45;8.66;2582;2586;0.0;163.6;191.0;85.3;3.354;5.443;298;4:58;1.8227;614.0;66.0;0;1
17729319819;Corrida matinal;Run;15/03/2026 06:57:16;15.02;4188;4188;31.3;157.0;182.0;87.4;3.587;4.68;279;4:38;1.7758;1008.0;90.0;0;0
17706065214;Corrida matinal;Run;13/03/2026 06:35:11;8.21;2573;2691;5.6;159.6;173.0;85.3;3.189;4.371;313;5:13;1.9637;594.0;63.0;0;0
17694835328;Corrida matinal;Run;12/03/2026 06:27:30;11.0;2941;2941;3.4;172.1;199.0;87.6;3.741;5.62;267;4:27;1.5537;753.0;112.0;0;0
17678424944;Corrida ao entardecer;Run;10/03/2026 18:25:14;8.2;2350;2568;15.4;153.5;180.0;85.2;3.489;6.183;287;4:46;1.8671;580.0;42.0;0;0
17635125143;Corrida matinal;Run;07/03/2026 08:04:14;16.01;4372;4422;28.7;174.6;189.0;87.3;3.661;4.875;273;4:33;1.5641;1130.0;190.0;0;2
17610827041;Algumas subidas / plano;Run;05/03/2026 06:04:47;10.01;3120;3128;102.5;157.7;183.0;86.3;3.207;4.233;312;5:11;1.9765;722.0;61.0;0;0
17585718297;Corrida matinal;Run;03/03/2026 06:38:42;7.64;1925;2347;0.0;173.3;196.0;88.2;3.969;6.12;252;4:11;1.4541;601.0;78.0;0;0
17581108238;Corrida ao entardecer;Run;02/03/2026 18:14:12;8.31;2495;2539;5.7;156.6;172.0;85.3;3.332;4.483;300;5:00;1.917;580.0;68.0;0;0
17564213737;Corrida matinal;Run;01/03/2026 08:08:00;15.06;4856;4856;401.1;172.6;197.0;83.8;3.102;4.457;322;5:22;1.8679;1180.0;238.0;0;3
17528033046;Corrida matinal;Run;26/02/2026 06:34:49;8.01;2042;2074;5.7;173.4;195.0;87.7;3.924;5.1;255;4:14;1.47;541.0;101.0;0;0
17503522763;Corrida matinal;Run;24/02/2026 06:35:41;8.51;2560;2561;0.0;162.7;199.0;87.9;3.325;5.18;301;5:00;1.8488;640.0;77.0;1;1
17492970013;Corrida matinal;Run;23/02/2026 07:55:50;8.5;2505;2508;5.5;154.7;171.0;87.0;3.393;4.2;295;4:54;1.905;586.0;64.0;0;0
17482893001;4x 3km;Run;22/02/2026 08:21:59;12.0;3225;3323;27.0;177.6;198.0;87.5;3.721;4.62;269;4:28;1.5135;845.0;181.0;0;0
17448550958;Corrida sem dor;Run;19/02/2026 06:47:49;8.02;2130;2148;5.9;177.4;197.0;87.8;3.764;5.12;266;4:25;1.4972;562.0;115.0;0;0
17304736790;Corrida matinal;Run;06/02/2026 07:02:13;4.94;1193;1193;27.6;179.3;198.0;89.0;4.142;5.36;242;4:01;1.3469;337.0;68.0;0;0
17225624719;Corrida matinal;Run;30/01/2026 06:38:47;8.54;2575;2589;7.5;158.8;175.0;86.5;3.315;4.1;302;5:01;1.8986;606.0;73.0;0;0
17113286330;Corrida matinal;Run;20/01/2026 06:36:08;8.01;2322;2322;13.4;154.6;166.0;87.8;3.45;4.55;290;4:49;1.8752;553.0;59.0;1;1
17056509230;Corrida matinal;Run;15/01/2026 06:36:16;10.74;2871;2899;3.5;173.1;191.0;88.1;3.741;5.46;267;4:27;1.5442;748.0;146.0;0;3
17052428153;Corrida ao entardecer;Run;14/01/2026 18:54:46;8.02;2531;2531;18.7;151.1;164.0;85.1;3.167;3.617;316;5:15;2.0887;562.0;57.0;0;0
16999197384;Primeiro 30k;Run;10/01/2026 06:05:11;30.01;9033;9126;98.7;156.8;174.0;85.7;3.322;4.075;301;5:00;1.9196;2082.0;248.0;0;0
16976599266;Corrida matinal;Run;08/01/2026 05:08:46;9.19;2519;2534;9.1;163.3;192.0;86.4;3.649;5.32;274;4:34;1.6785;633.0;87.0;0;0
16965257609;Corrida matinal;Run;07/01/2026 04:57:20;10.01;3087;3087;25.6;148.2;163.0;85.7;3.241;3.72;308;5:08;2.081;702.0;56.0;0;0
16954284562;Corrida matinal;Run;06/01/2026 06:32:50;14.01;3357;3361;5.7;177.9;197.0;89.6;4.174;5.383;240;3:59;1.3468;952.0;197.0;9;15
16943147695;Corrida matinal;Run;05/01/2026 06:28:45;12.01;3671;3696;18.4;146.5;156.0;85.0;3.27;3.983;306;5:05;2.0867;814.0;62.0;0;1
16921944401;Feliz 2026;Run;03/01/2026 06:19:50;22.11;7595;7629;885.4;169.1;202.0;83.4;2.911;4.571;344;5:43;2.0313;1835.0;331.0;2;3
16852771592;Corrida matinal;Run;27/12/2025 06:29:42;20.01;5809;5812;30.4;154.7;176.0;86.6;3.444;4.117;290;4:50;1.8765;1385.0;142.0;0;0
16842679603;Corrida matinal;Run;26/12/2025 06:28:14;10.01;3018;3022;7.7;142.0;152.0;85.6;3.315;3.983;302;5:01;2.1232;665.0;30.0;0;0
16837301422;12x 400;Run;25/12/2025 10:21:10;9.47;2779;2819;2.2;158.7;189.0;87.1;3.407;6.38;294;4:53;1.8494;666.0;72.0;0;0
16832539321;Skateboarding;Workout;24/12/2025 16:17:39;5.02;2651;3263;9.0;120.3;149.0;57.9;1.893;10.717;528;8:48;4.3899;375.0;10.0;0;0
16829418262;Corrida matinal;Run;24/12/2025 09:23:55;10.01;2936;2941;23.1;162.3;175.0;86.2;3.408;4.15;293;4:53;1.8071;729.0;95.0;0;0
16824722688;☔️☔️;Run;23/12/2025 19:55:24;12.0;3047;3047;23.8;163.0;180.0;87.5;3.94;4.8;254;4:13;1.5577;806.0;104.0;0;0
16801299393;Corrida matinal;Run;21/12/2025 06:44:25;17.0;6056;6281;711.5;155.5;183.0;83.1;2.807;4.94;356;5:56;2.2907;1343.0;153.0;0;1
16793532003;Corrida matinal;Run;20/12/2025 09:51:10;12.5;3628;3628;54.5;161.0;181.0;85.8;3.445;4.067;290;4:50;1.8025;894.0;114.0;0;0
16774743430;Corrida matinal;Run;18/12/2025 06:10:42;7.09;2712;3294;287.6;137.8;175.0;83.5;2.613;4.98;382;6:22;2.7758;608.0;26.0;0;0
16771996891;Corrida ao entardecer;Run;17/12/2025 19:03:11;10.0;2997;3022;6.9;138.7;152.0;85.0;3.338;3.857;300;4:59;2.1608;654.0;18.0;0;0
16756348244;Corrida matinal;Run;16/12/2025 06:33:31;10.01;3155;3158;142.3;146.4;160.0;84.0;3.173;4.943;315;5:15;2.153;707.0;51.0;1;2
16730700180;Corrida matinal;Run;13/12/2025 07:16:43;21.11;6245;6288;516.0;172.3;193.0;84.8;3.38;4.943;296;4:55;1.7168;1610.0;309.0;1;1
16725567393;Corrida ao entardecer;Run;12/12/2025 18:29:58;10.01;2925;2960;5.6;152.5;163.0;85.8;3.421;4.511;292;4:52;1.9161;691.0;69.0;1;1
16711553026;Treino 20x200 - programado errado 🙃;Run;11/12/2025 06:49:35;7.2;1812;2539;0.0;157.1;184.0;89.9;3.973;6.371;252;4:11;1.6022;436.0;46.0;1;1
16691628264;Corrida matinal;Run;09/12/2025 04:53:37;11.49;3601;3601;42.0;143.5;169.0;83.9;3.189;4.671;313;5:13;2.184;807.0;48.0;0;0
16689937416;Corrida ao entardecer;Run;08/12/2025 18:45:43;10.0;3005;3005;30.0;151.4;163.0;84.9;3.329;3.757;300;5:00;1.9848;705.0;70.0;0;0
16655557460;Corrida matinal;Run;05/12/2025 06:44:23;11.02;3163;3178;8.3;148.9;165.0;86.5;3.483;5.14;287;4:47;1.9275;760.0;65.0;0;2
16652697883;Corrida noturna;Run;04/12/2025 19:37:50;12.01;4158;4162;382.2;152.6;177.0;82.8;2.887;4.8;346;5:46;2.2687;912.0;90.0;0;0
16634606111;Corrida ao entardecer;Run;02/12/2025 19:14:10;12.0;3826;3900;20.2;144.2;158.0;85.3;3.138;4.45;319;5:18;2.2108;825.0;50.0;0;0
16623219434;Corrida ao entardecer;Run;01/12/2025 19:00:08;8.03;2587;2587;19.3;141.6;155.0;83.6;3.104;3.95;322;5:22;2.2754;552.0;25.0;0;0
16598708022;Longo fartlek;Run;29/11/2025 06:17:22;21.02;5380;5380;18.0;167.7;184.0;88.8;3.908;4.925;256;4:15;1.5259;1439.0;221.0;5;10
16580002517;Corrida matinal;Run;27/11/2025 06:03:09;11.01;2732;2921;25.8;170.6;188.0;90.3;4.029;4.717;248;4:08;1.4543;746.0;125.0;0;0
16559707789;Corrida matinal;Run;25/11/2025 05:17:21;8.24;2191;2433;13.1;158.2;173.0;87.3;3.76;5.583;266;4:25;1.6808;592.0;60.0;0;3
16553003032;Corrida matinal;Run;24/11/2025 06:35:53;11.01;3278;3278;21.2;145.2;157.0;85.7;3.358;3.88;298;4:57;2.0503;750.0;47.0;0;0
16533290580;Corrida matinal;Run;22/11/2025 08:11:00;21.17;6895;6902;582.9;161.3;186.0;84.6;3.07;4.544;326;5:25;2.0192;1632.0;226.0;0;2
16500388938;7x 1000;Run;18/11/2025 20:19:57;12.3;3063;3681;22.5;161.5;190.0;87.9;4.016;6.02;249;4:09;1.5418;923.0;99.0;0;0
16489739964;Corrida ao entardecer;Run;17/11/2025 19:39:53;12.01;3361;3361;26.3;156.6;175.0;86.0;3.573;4.243;280;4:39;1.7874;842.0;86.0;1;1
16444046683;Moderado firme;Run;13/11/2025 06:29:24;14.01;3524;3616;8.3;168.9;186.0;88.9;3.975;5.033;252;4:11;1.489;971.0;155.0;2;5
16421865285;Tiroteio matinal;Run;11/11/2025 05:03:42;12.71;3738;4302;16.7;138.9;178.0;82.2;3.399;6.16;294;4:54;2.1174;786.0;45.0;0;0
16392719006;Feito;Run;08/11/2025 07:25:01;18.01;5228;5237;413.1;165.1;186.0;85.5;3.445;5.26;290;4:50;1.7583;1319.0;198.0;0;3
16371490132;Corrida de tempo;Run;06/11/2025 05:07:29;13.1;3419;3419;30.2;165.7;191.0;88.1;3.83;4.825;261;4:20;1.5751;913.0;132.0;0;1
16360804723;Corrida matinal;Run;05/11/2025 05:09:22;10.01;2925;2925;15.5;150.3;162.0;86.3;3.421;4.133;292;4:52;1.9441;693.0;60.0;0;2
16330734612;Meia maratona farol shopping - 2 cat. 25-29;Run;02/11/2025 06:30:56;20.83;4994;4994;26.5;181.1;198.0;90.0;4.17;5.571;240;3:59;1.3241;1427.0;316.0;5;16
16309909332;Corrida matinal;Run;31/10/2025 05:59:39;8.02;2400;2400;17.4;145.1;159.0;86.8;3.34;3.838;299;4:59;2.0627;551.0;34.0;0;0
16279599935;Check ✅;Run;28/10/2025 06:09:00;11.23;3139;3508;29.1;149.0;173.0;85.5;3.577;5.743;280;4:39;1.8758;780.0;56.0;0;0
16261789889;Corrida matinal;Run;26/10/2025 08:16:24;18.01;4863;4873;29.8;159.4;186.0;87.4;3.704;4.813;270;4:30;1.6939;1229.0;149.0;0;3
16240043719;Corrida matinal;Run;24/10/2025 06:35:06;10.01;2616;2638;5.6;161.8;183.0;87.9;3.825;5.757;261;4:21;1.615;687.0;85.0;4;8
16209345876;Corrida matinal;Run;21/10/2025 06:24:55;14.01;3335;3369;5.0;160.3;185.0;89.7;4.201;5.16;238;3:58;1.4847;941.0;102.0;7;15
16195181237;🧠;Run;19/10/2025 15:16:10;21.16;5654;5697;43.9;168.1;194.0;87.5;3.743;4.729;267;4:27;1.5895;1471.0;238.0;0;0
16157664250;Progressive run;Run;16/10/2025 05:50:10;14.04;3574;3574;24.2;158.5;183.0;88.4;3.927;5.086;255;4:14;1.6063;961.0;102.0;0;2
16135589884;Corrida matinal;Run;14/10/2025 06:04:21;11.4;2913;3024;21.5;154.3;171.0;88.8;3.912;5.86;256;4:15;1.6559;788.0;70.0;0;1
16125158470;Corrida matinal;Run;13/10/2025 06:02:31;12.01;3520;3520;23.9;148.0;157.0;85.9;3.412;3.856;293;4:53;1.9804;805.0;67.0;0;0
16105613651;Corrida matinal;Run;11/10/2025 08:28:46;16.01;5181;5190;523.0;171.4;187.0;83.8;3.09;5.34;324;5:23;1.888;1330.0;243.0;1;6
16060744174;SP;Run;07/10/2025 05:51:23;10.0;2980;2986;94.7;145.6;158.0;85.0;3.357;4.75;298;4:58;2.0467;682.0;46.0;0;0
16040944213;Unimed;Run;05/10/2025 07:31:05;10.06;2327;2327;8.7;156.4;168.0;89.7;4.322;5.567;231;3:51;1.4789;659.0;63.0;1;2
16018503500;Corrida matinal;Run;03/10/2025 06:51:09;5.48;1597;1608;3.9;148.7;158.0;86.3;3.434;4.44;291;4:51;1.9597;382.0;32.0;0;0
16007619868;Corrida matinal;Run;02/10/2025 06:31:49;8.52;2216;2216;6.1;160.5;176.0;88.7;3.846;5.086;260;4:20;1.6206;570.0;68.0;0;4
15996268570;Corrida matinal;Run;01/10/2025 06:00:49;12.22;3107;3732;11.0;158.1;188.0;87.1;3.934;6.74;254;4:14;1.6085;894.0;85.0;0;0
15981232720;Corrida ao entardecer;Run;29/09/2025 19:47:13;12.0;3544;3544;27.4;142.8;160.0;85.3;3.387;4.57;295;4:55;2.0679;785.0;38.0;0;0
15953629359;Corrida matinal;Run;27/09/2025 09:42:44;16.21;4382;4480;27.7;172.2;193.0;88.8;3.698;5.063;270;4:30;1.5697;1155.0;207.0;1;9
15930039224;Corrida matinal;Run;25/09/2025 05:59:22;12.53;3372;3372;26.7;152.7;169.0;87.2;3.715;5.12;269;4:29;1.7623;862.0;75.0;0;0
15919321636;Corrida matinal;Run;24/09/2025 06:36:03;10.0;2929;2953;12.4;150.4;163.0;87.6;3.415;4.45;293;4:52;1.9475;691.0;64.0;0;0
15915306733;Corrida ao entardecer;Run;23/09/2025 18:59:35;10.6;3187;3329;86.4;140.4;180.0;84.4;3.327;6.5;301;5:00;2.1417;708.0;36.0;0;0
15877019319;Corrida matinal;Run;20/09/2025 09:33:50;21.14;5544;5681;31.3;173.7;190.0;87.5;3.814;5.24;262;4:22;1.5101;1482.0;284.0;0;3
15863299472;Corrida matinal;Run;19/09/2025 06:40:21;10.0;2893;2893;12.3;147.9;163.0;85.7;3.458;4.213;289;4:49;1.9561;688.0;52.0;0;0
15851658407;Corrida matinal;Run;18/09/2025 05:46:10;12.01;3219;3219;185.9;161.2;188.0;86.1;3.73;5.283;268;4:28;1.6625;856.0;99.0;0;1
15847996818;Corrida ao entardecer;Run;17/09/2025 18:55:50;10.01;3224;3245;18.6;136.5;157.0;82.9;3.104;4.243;322;5:22;2.3597;669.0;21.0;0;0
15828804757;Corrida matinal;Run;16/09/2025 06:31:47;11.0;2943;3225;0.0;165.4;198.0;85.7;3.739;6.217;268;4:27;1.6173;809.0;106.0;0;2
15817427118;Corrida matinal;Run;15/09/2025 06:17:41;12.01;3553;3553;24.1;147.5;162.0;86.7;3.38;3.986;296;4:55;2.0054;829.0;58.0;0;0
15808768606;Corrida matinal;Run;14/09/2025 08:49:05;16.0;4147;4147;29.2;160.6;182.0;88.4;3.859;4.686;259;4:19;1.6139;1095.0;127.0;1;2
15784381655;Corrida matinal;Run;12/09/2025 06:37:28;10.0;2945;2969;7.5;150.0;165.0;87.2;3.396;4.133;294;4:54;1.9633;685.0;59.0;0;0
15772961492;Corrida matinal;Run;11/09/2025 05:53:47;11.0;3005;3005;25.2;156.1;177.0;89.6;3.66;5.28;273;4:33;1.7502;754.0;75.0;0;0
15769455101;Corrida ao entardecer;Run;10/09/2025 18:55:45;10.01;3284;3386;4.7;136.6;157.0;85.0;3.047;4.25;328;5:28;2.4019;693.0;25.0;0;0
15749826470;7x 1000m;Run;09/09/2025 06:33:10;11.07;2869;3193;0.0;165.9;194.0;88.9;3.859;5.65;259;4:19;1.5624;803.0;109.0;2;4
15746182335;Corrida ao entardecer;Run;08/09/2025 19:58:48;12.01;3690;3721;26.5;142.8;155.0;85.0;3.254;3.733;307;5:07;2.1513;812.0;37.0;0;0
15716587254;Corrida matinal;Run;06/09/2025 08:33:02;18.01;4496;4540;34.6;158.6;184.0;90.2;4.006;4.96;250;4:09;1.5738;1233.0;125.0;3;4
15692244539;Corrida matinal;Run;04/09/2025 05:43:05;12.02;3166;3166;27.5;165.1;186.0;88.1;3.796;4.8;263;4:23;1.5954;818.0;120.0;1;2
15680575789;Corrida matinal;Run;03/09/2025 05:51:09;10.01;3093;3093;12.8;151.4;168.0;86.7;3.237;3.725;309;5:08;2.041;716.0;67.0;0;0
15676388441;Corrida ao entardecer;Run;02/09/2025 18:11:20;14.02;3758;3780;14.2;160.0;187.0;87.5;3.729;5.2;268;4:28;1.675;958.0;116.0;4;11
15664717987;Corrida ao entardecer;Run;01/09/2025 18:19:37;11.01;3288;3308;11.8;150.3;165.0;84.7;3.348;4.817;299;4:58;1.9867;770.0;66.0;0;1
15648173225;Sunday run;Run;31/08/2025 08:12:09;15.01;4349;4356;400.2;172.6;200.0;86.4;3.451;5.4;290;4:49;1.6784;1143.0;204.0;0;3
15624717691;Corrida matinal;Run;29/08/2025 06:22:43;10.01;2948;2948;5.6;155.3;169.0;86.4;3.394;4.267;294;4:54;1.8963;698.0;74.0;0;0
15621106870;Corrida ao entardecer;Run;28/08/2025 18:51:33;11.13;3041;3106;16.0;158.5;184.0;85.6;3.661;5.2;273;4:33;1.7237;781.0;88.0;0;0
15598056486;Corrida ao entardecer;Run;26/08/2025 18:09:15;12.0;3533;3549;9.8;153.1;168.0;85.6;3.397;4.65;294;4:54;1.9229;842.0;83.0;0;0
15568337567;Corrida matinal;Run;24/08/2025 07:36:58;9.74;2270;2270;8.0;181.7;196.0;89.1;4.293;4.922;233;3:53;1.2829;668.0;141.0;2;6
15544560069;Corrida matinal;Run;22/08/2025 05:58:29;4.01;1194;1194;5.9;154.2;171.0;87.9;3.357;4.011;298;4:57;1.9313;284.0;28.0;0;0
15540780329;Corrida ao entardecer;Run;21/08/2025 18:28:43;6.01;1738;1738;0.0;156.8;172.0;86.4;3.457;4.017;289;4:49;1.8444;425.0;47.0;0;0
15530113003;6x 1000m;Run;20/08/2025 18:53:48;10.76;3360;3404;6.2;162.2;204.0;82.8;3.203;5.5;312;5:12;1.9254;798.0;104.0;0;0
15498462657;Rotina de volta 🙌🏽;Run;18/08/2025 05:59:27;10.01;2983;2983;25.7;152.5;163.0;86.8;3.355;3.79;298;4:58;1.9541;701.0;69.0;0;1
15478414836;1 corrida pós extração sisos;Run;16/08/2025 09:22:44;8.0;3214;3218;201.4;161.1;184.0;82.6;2.491;3.471;402;6:41;2.4941;707.0;103.0;0;1
15338449296;Corrida matinal;Run;04/08/2025 05:07:44;10.01;3022;3022;25.7;139.3;150.0;86.1;3.312;3.8;302;5:01;2.1673;657.0;19.0;0;1
15317532253;Progressive 🔋;Run;02/08/2025 06:50:16;16.01;4038;4050;48.1;166.6;186.0;90.3;3.964;5.26;252;4:12;1.5138;1094.0;155.0;0;0
15295454771;Corrida matinal;Run;31/07/2025 05:53:18;10.75;3021;3224;18.9;158.2;186.0;86.9;3.559;5.7;281;4:41;1.7762;782.0;82.0;0;1
15292771302;Corrida ao entardecer;Run;30/07/2025 18:46:23;10.01;3094;3094;19.5;151.3;162.0;87.5;3.235;3.671;309;5:09;2.043;699.0;65.0;0;0
15271879845;Corrida matinal;Run;29/07/2025 05:04:57;11.01;3319;3352;22.8;148.2;160.0;88.9;3.318;4.043;302;5:01;2.0344;754.0;59.0;0;0
15252212650;Corrida matinal;Run;27/07/2025 08:00:30;8.5;2295;2819;122.7;169.9;195.0;85.8;3.705;5.56;270;4:30;1.5892;653.0;99.0;1;2
15241216702;Corrida matinal;Run;26/07/2025 08:30:59;6.0;1786;1832;13.3;151.2;162.0;87.9;3.362;4.55;298;4:57;1.9689;427.0;37.0;0;0
15203760436;Corrida ao entardecer;Run;22/07/2025 19:21:32;10.84;2818;2821;7.2;162.4;187.0;89.4;3.845;6.22;260;4:19;1.601;726.0;89.0;7;8
15184458931;Corrida matinal;Run;21/07/2025 05:23:52;10.85;3286;3286;26.0;149.2;167.0;87.5;3.302;3.855;303;5:02;2.0302;759.0;62.0;0;1
15164416661;☑️;Run;19/07/2025 07:08:32;15.01;4898;4947;570.3;168.5;202.0;85.5;3.064;4.88;326;5:26;1.9365;1222.0;202.0;1;4
15152606660;🔁;Run;18/07/2025 05:07:53;10.01;3001;3004;27.7;142.7;156.0;87.6;3.335;4.3;300;4:59;2.1009;676.0;33.0;0;0
15141866814;Caruru 5 AM;Run;17/07/2025 05:00:26;12.01;3462;3462;368.6;171.5;197.0;86.3;3.47;4.913;288;4:48;1.681;903.0;135.0;5;5
15119298527;Corrida matinal;Run;15/07/2025 05:00:24;10.43;2833;2833;13.2;154.7;179.0;88.6;3.68;5.113;272;4:31;1.7557;700.0;54.0;0;1
15108307688;Corrida matinal;Run;14/07/2025 05:08:05;12.01;3599;3599;31.5;140.1;149.0;86.6;3.336;4.457;300;4:59;2.1392;772.0;16.0;0;0
15088609624;Longo Progressivo;Run;12/07/2025 07:36:29;18.0;4463;4468;33.1;170.7;191.0;90.0;4.034;4.678;248;4:07;1.4523;1231.0;166.0;0;1
15076769529;Corrida matinal;Run;11/07/2025 05:00:47;13.01;3905;3905;22.6;144.6;159.0;86.6;3.331;4.62;300;5:00;2.0761;859.0;28.0;0;2
15066125664;Fartlek;Run;10/07/2025 05:21:16;12.01;3111;3111;20.6;157.2;175.0;89.6;3.86;5.078;259;4:19;1.6476;824.0;66.0;0;0
15043313699;🔫;Run;08/07/2025 05:23:10;10.0;2545;2767;29.5;165.2;190.0;90.4;3.931;5.34;254;4:14;1.5406;701.0;74.0;1;1
15034878910;Corrida matinal;Run;07/07/2025 05:12:32;10.01;3000;3000;24.8;149.7;163.0;86.4;3.336;4.4;300;4:59;2.002;697.0;39.0;0;1
15014555509;Desaquecimento;Run;05/07/2025 09:39:37;1.8;523;523;5.1;159.9;168.0;86.7;3.449;3.944;291;4:50;1.8174;130.0;13.0;0;0
15014555585;Intervalado;Run;05/07/2025 08:21:05;18.03;4563;4661;31.7;170.3;190.0;88.7;3.952;6.217;253;4:13;1.4862;1218.0;164.0;0;1
14992324659;Rp no treino 🤩;Run;03/07/2025 05:54:34;12.01;2927;2927;31.4;170.4;187.0;90.3;4.104;6.12;244;4:03;1.4302;788.0;104.0;0;4
14988637943;Recarga 🔋;Run;02/07/2025 18:43:19;10.01;3020;3020;5.0;149.7;159.0;83.7;3.315;3.63;302;5:01;2.0154;687.0;39.0;0;0
14970790804;30x 200m;Run;01/07/2025 05:13:30;12.01;3365;3693;14.7;159.1;189.0;84.0;3.57;5.917;280;4:40;1.7612;863.0;77.0;0;0
14966956155;Corrida ao entardecer;Run;30/06/2025 18:09:55;12.01;3644;3693;7.9;150.3;163.0;84.8;3.297;5.08;303;5:03;2.0186;825.0;51.0;0;1
14941131698;Longo com morros 🏔️;Run;28/06/2025 07:14:32;16.01;5200;5234;642.5;169.5;192.0;83.8;3.079;5.16;325;5:24;1.9162;1257.0;187.0;2;2
14919785442;100 - 200 D+;Run;26/06/2025 05:04:29;12.01;3383;3427;200.2;172.7;190.0;85.8;3.549;4.567;282;4:41;1.6312;897.0;134.0;2;4
14916654298;Corrida ao entardecer;Run;25/06/2025 19:00:07;10.01;3007;3028;22.7;153.0;161.0;85.2;3.33;4.043;300;5:00;1.9634;702.0;54.0;0;0
14906193986;🥲;Run;24/06/2025 19:27:50;12.48;3290;3504;38.3;166.6;191.0;88.1;3.792;5.6;264;4:23;1.5822;877.0;106.0;1;1
14901366933;Corrida ao entardecer;Run;23/06/2025 18:14:36;10.01;3091;3158;5.7;147.4;159.0;84.7;3.237;4.625;309;5:08;2.095;702.0;33.0;1;3
14869212844;Teste 3k;Run;21/06/2025 07:50:16;8.3;2345;2569;17.0;156.5;175.0;87.6;3.541;5.567;282;4:42;1.8051;586.0;50.0;0;3
14863863411;Corrida da tarde;Run;20/06/2025 17:11:27;8.01;2482;2537;4.2;153.3;173.0;84.3;3.228;4.76;310;5:09;2.0215;568.0;44.0;0;2
14832187093;Corrida matinal;Run;17/06/2025 05:04:56;7.6;2277;2745;17.8;129.9;156.0;85.4;3.339;5.929;300;4:59;2.3064;463.0;10.0;0;0
14798499095;Cânion espraiado;Run;14/06/2025 11:13:56;18.01;5887;6110;553.7;160.5;185.0;84.1;3.059;4.92;327;5:26;2.0368;1388.0;147.0;0;4
14784839224;Corrida matinal;Run;13/06/2025 05:42:16;11.5;4002;4002;43.0;142.7;157.0;85.2;2.874;3.683;348;5:48;2.4387;824.0;57.0;0;0
14774339129;Fartlek das 5;Run;12/06/2025 05:06:35;12.01;3268;3268;37.2;157.8;180.0;87.2;3.675;5.08;272;4:32;1.7243;820.0;104.0;1;3
14753184193;Corrida matinal;Run;10/06/2025 06:30:40;10.62;2952;3573;54.2;132.9;163.0;85.7;3.598;6.586;278;4:37;2.0918;641.0;23.0;0;0
14743955526;Segundou;Run;09/06/2025 05:22:59;10.01;3156;3156;34.5;148.2;160.0;85.6;3.17;3.813;315;5:15;2.1275;711.0;67.0;0;0
14721744089;Blocos de 4km moderado firme;Run;07/06/2025 05:48:46;16.0;4227;4361;68.3;163.0;187.0;87.5;3.785;5.46;264;4:24;1.6209;1100.0;158.0;0;2
14709398531;Morro da Cruz;Run;05/06/2025 19:47:17;11.01;3424;3424;317.4;165.2;191.0;84.1;3.216;4.7;311;5:10;1.8826;850.0;142.0;1;3
14709395296;Corrida matinal;Run;04/06/2025 06:11:14;10.01;3132;3142;37.0;145.5;161.0;86.1;3.195;3.955;313;5:12;2.1505;691.0;57.0;0;0
14680614496;6x 1000m;Run;03/06/2025 05:18:36;10.45;2860;3021;46.2;163.6;188.0;86.4;3.654;5.8;274;4:33;1.673;744.0;112.0;0;0
14670163867;🌁🌁🌁;Run;02/06/2025 05:08:14;10.29;3245;3250;60.7;163.6;188.0;87.1;3.17;3.775;315;5:15;1.9279;749.0;129.0;0;0
14650829822;Muito leve a moderado firme;Run;31/05/2025 07:12:29;21.16;5749;5757;49.8;166.4;204.0;89.0;3.68;5.044;272;4:31;1.6328;1467.0;244.0;1;6
14628670725;Blocos de 8min;Run;29/05/2025 05:13:42;13.71;3766;3766;28.5;157.5;179.0;88.7;3.64;4.833;275;4:34;1.7441;933.0;112.0;1;3
14608875466;Tiro no morro e tiro no plano;Run;27/05/2025 06:52:55;11.42;3379;3606;126.5;148.4;186.0;86.0;3.378;6.986;296;4:55;1.9939;736.0;69.0;0;0
14598405976;Corrida matinal;Run;26/05/2025 06:29:28;10.01;3119;3119;23.0;150.5;171.0;86.7;3.209;3.775;312;5:11;2.0704;709.0;71.0;0;0
14578938832;Longo fartlek;Run;24/05/2025 06:59:32;21.07;5783;5856;41.6;158.0;191.0;88.6;3.644;5.46;274;4:34;1.7373;1456.0;179.0;3;7
14560016903;⛰️🗻🏔️;Run;22/05/2025 08:02:11;13.43;4468;4468;538.4;164.3;198.0;83.6;3.006;4.5;333;5:32;2.025;1043.0;181.0;0;0
14554683905;Corrida da tarde;Run;21/05/2025 16:43:00;10.01;3176;3251;27.8;147.9;164.0;84.5;3.151;4.217;317;5:17;2.1454;688.0;67.0;0;0
14539454409;10x 400m;Run;20/05/2025 09:29:06;10.22;3035;3250;40.3;152.4;190.0;82.9;3.367;5.783;297;4:56;1.9488;704.0;72.0;0;0
14533078188;Corrida da tarde;Run;19/05/2025 15:56:35;10.02;3220;3291;25.8;138.3;152.0;84.9;3.111;3.9;321;5:21;2.3239;671.0;30.0;0;0
14507390252;Trail run matinal;TrailRun;17/05/2025 07:28:18;11.17;4353;4625;185.2;148.6;187.0;82.9;2.566;4.78;390;6:29;2.6225;893.0;81.0;0;2
14492722530;Skateboarding;Workout;15/05/2025 15:15:08;3.16;1382;1819;0.0;115.4;131.0;51.4;2.29;5.6;437;7:17;3.7894;179.0;4.0;0;0
14488482753;😵😵;Run;15/05/2025 08:48:32;12.01;3093;3132;19.7;173.8;188.0;87.3;3.882;5.22;258;4:17;1.4816;814.0;176.0;1;1
14475678019;Com a excelentíssima 👸🏻;Run;14/05/2025 05:12:13;10.01;3561;3561;24.7;132.6;146.0;84.2;2.81;3.28;356;5:55;2.6825;674.0;18.0;0;0
14466681499;Tiroteio;Run;13/05/2025 09:28:25;10.6;3018;3019;22.6;167.3;194.0;86.5;3.511;5.14;285;4:44;1.7017;751.0;126.0;0;0
14456156823;Regenerando;Run;12/05/2025 09:54:14;10.0;3244;3249;27.3;138.7;148.0;86.4;3.084;4.05;324;5:24;2.3389;657.0;31.0;0;0
14434238711;3x 4000;Run;10/05/2025 06:49:59;16.31;4250;4457;15.8;166.9;189.0;88.7;3.837;5.16;261;4:20;1.5614;1094.0;188.0;7;14
14413353061;Faltou pra chegar em casa 😵;Run;08/05/2025 06:09:02;1.13;310;310;2.7;158.8;162.0;87.3;3.659;5.638;274;4:34;1.7273;75.0;9.0;0;0
14413353081;Fartlek;Run;08/05/2025 05:13:40;12.01;3248;3248;24.6;164.0;185.0;87.8;3.698;5.12;270;4:30;1.6488;805.0;130.0;0;3
14403458723;Corrida matinal;Run;07/05/2025 06:23:29;10.01;3115;3115;32.9;151.6;166.0;86.8;3.213;3.75;311;5:11;2.0528;698.0;75.0;0;0
14392398085;20x 200m;Run;06/05/2025 05:11:35;11.44;3203;3318;19.3;152.0;186.0;86.4;3.573;5.925;280;4:39;1.8421;719.0;74.0;0;1
14382545582;Regenerativo novo;Run;05/05/2025 05:13:03;10.01;3121;3134;23.3;147.1;158.0;85.9;3.207;3.722;312;5:11;2.1196;676.0;65.0;0;0
14363105714;Longo Ritmado;Run;03/05/2025 06:33:55;16.0;4475;4480;29.4;166.5;195.0;87.7;3.576;5.25;280;4:39;1.6799;1118.0;190.0;2;3
14347813980;Corrida da tarde;Run;01/05/2025 15:44:50;8.01;2138;2138;24.4;162.4;182.0;88.0;3.747;4.488;267;4:26;1.6435;533.0;80.0;0;1
14330546283;Pirâmide sobe e desce;Run;30/04/2025 05:18:22;8.06;2491;2492;12.0;153.8;185.0;87.2;3.235;6.217;309;5:09;2.0098;548.0;57.0;1;1
14309549090;Corrida matinal;Run;28/04/2025 05:20:52;8.3;2636;2636;20.3;146.8;161.0;86.6;3.15;4.063;318;5:17;2.1635;580.0;50.0;0;1
14299991894;Corrida - pólio;Run;27/04/2025 07:02:13;5.03;1112;1112;3.0;177.7;190.0;91.9;4.522;6.2;221;3:41;1.2442;309.0;67.0;1;1
14295200853;Corrida GAM;Run;26/04/2025 16:13:26;4.03;901;939;4.4;152.3;178.0;90.3;4.477;5.617;224;3:43;1.4682;246.0;22.0;2;6
14295200039;Corrida ao entardecer;Run;24/04/2025 19:59:16;5.01;1531;1539;4.4;153.3;169.0;84.6;3.272;4.95;306;5:05;1.9935;347.0;40.0;0;2
14295198885;Corrida ao entardecer;Run;24/04/2025 19:46:52;1.54;540;603;2.0;142.4;157.0;85.5;2.856;4.06;351;5:50;2.4621;129.0;8.0;0;0
14260392034;5x 1000;Run;23/04/2025 05:53:19;8.66;2461;2630;14.0;162.0;190.0;87.0;3.517;5.457;284;4:44;1.7543;621.0;90.0;0;1
14240235214;Feriado levin;Run;21/04/2025 06:40:17;8.01;2518;2518;6.9;148.0;165.0;85.3;3.18;3.8;314;5:14;2.1243;574.0;52.0;0;2
14221277685;Longuin;Run;19/04/2025 06:42:38;14.0;3722;3727;25.3;166.4;187.0;88.5;3.762;4.84;266;4:25;1.598;952.0;160.0;3;5
14201254618;Moderado - moderado firme;Run;17/04/2025 05:07:02;11.54;3117;3117;19.5;165.3;192.0;87.6;3.702;6.58;270;4:30;1.634;779.0;128.0;1;3
14191871633;Intervalado;Run;16/04/2025 05:11:29;8.71;2274;2761;13.8;157.7;185.0;88.8;3.832;5.625;261;4:21;1.6557;630.0;69.0;0;0
14179624687;Corrida ao entardecer;Run;14/04/2025 20:02:20;8.0;2604;2604;33.3;140.1;151.0;84.7;3.074;3.778;326;5:25;2.3233;525.0;29.0;0;0
14153881825;Sertãozin;Run;12/04/2025 06:38:22;15.01;4347;4378;319.8;167.5;189.0;86.9;3.453;4.8;290;4:49;1.729;1040.0;193.0;1;1
14134454033;100 - 200 D+;Run;10/04/2025 05:19:01;9.01;2601;2601;171.0;158.7;174.0;86.1;3.464;4.171;289;4:48;1.8192;617.0;82.0;1;3
14124501618;Corrida das 5Am;Run;09/04/2025 05:19:39;8.11;2237;2417;24.4;158.7;186.0;88.4;3.626;5.517;276;4:35;1.7379;553.0;72.0;1;3
14111419926;Regenerativo;Run;07/04/2025 19:15:49;8.01;2708;2740;17.3;141.2;156.0;83.5;2.958;3.58;338;5:38;2.3945;558.0;32.0;0;0
14095674875;Corrida Angeloni;Run;06/04/2025 07:00:34;5.14;1136;1136;5.5;158.3;179.0;90.2;4.526;6.7;221;3:41;1.3961;298.0;37.0;8;9
14066289208;Estimulos;Run;03/04/2025 05:33:40;7.02;1996;2040;11.6;160.8;178.0;86.4;3.518;4.488;284;4:44;1.768;482.0;70.0;0;0
14056604014;15x200;Run;02/04/2025 06:02:31;8.74;2435;2735;19.4;166.7;196.0;86.3;3.588;6.129;279;4:38;1.6713;635.0;104.0;0;0
14053518122;Corrida ao entardecer;Run;01/04/2025 19:20:34;5.01;1640;1640;5.0;148.9;162.0;83.1;3.055;4.2;327;5:27;2.1981;357.0;36.0;0;0
14036553339;Corrida matinal;Run;31/03/2025 05:14:33;8.01;2557;2558;28.0;148.1;162.0;82.9;3.132;3.911;319;5:19;2.1553;544.0;54.0;0;0
14018683329;Fartlek/longo;Run;29/03/2025 06:54:00;16.01;4462;4504;34.0;172.8;188.0;85.3;3.588;4.917;279;4:38;1.6128;1099.0;245.0;3;7
14000194259;Moderado;Run;27/03/2025 06:06:24;8.01;2073;2084;19.7;166.0;184.0;86.9;3.865;4.329;259;4:18;1.559;543.0;87.0;0;1
13990201138;Corrida matinal;Run;26/03/2025 05:14:44;8.46;2307;2482;20.0;156.1;188.0;85.9;3.668;5.683;273;4:32;1.747;585.0;66.0;0;2
13977581676;Corrida ao entardecer;Run;24/03/2025 19:17:57;8.01;2561;2561;4.8;142.7;157.0;83.1;3.128;4.483;320;5:19;2.2404;541.0;38.0;0;0
13952100213;Teste 3km;Run;22/03/2025 06:23:36;10.0;3012;3028;24.8;160.0;187.0;84.4;3.321;5.15;301;5:01;1.8825;678.0;98.0;1;5
13934123011;12x200;Run;20/03/2025 06:08:30;8.5;2440;2544;12.1;163.1;194.0;85.6;3.485;6.4;287;4:47;1.7603;558.0;91.0;0;1
13924060892;Corrida matinal;Run;19/03/2025 05:02:26;9.01;2734;2742;10.8;154.2;176.0;85.8;3.294;4.7;303;5:03;1.9676;604.0;73.0;0;2
13912119348;✅;Run;17/03/2025 20:17:39;8.01;2596;2601;2.5;143.4;155.0;83.8;3.086;4.567;324;5:24;2.2601;535.0;39.0;0;0
13887319898;Sabadon;Run;15/03/2025 06:29:33;11.01;3327;3327;27.8;158.0;172.0;85.4;3.309;3.85;302;5:02;1.9127;741.0;100.0;0;0
13868835201;5x200, 5x400;Run;13/03/2025 05:13:08;8.67;2682;2762;10.6;162.3;193.0;84.8;3.233;6.2;309;5:09;1.9057;604.0;97.0;0;0
13859614750;Fartlek das 5AM;Run;12/03/2025 05:06:49;8.81;2519;2520;18.2;164.9;182.0;85.6;3.496;4.388;286;4:45;1.7338;594.0;103.0;0;0
13840977626;RodaG;Run;10/03/2025 06:27:29;8.01;2570;2570;17.9;148.0;156.0;83.6;3.117;3.538;321;5:20;2.1676;532.0;57.0;0;0
13821590691;Sertão;Run;08/03/2025 06:42:43;14.01;4099;4125;275.5;161.9;188.0;84.6;3.418;5.44;293;4:52;1.8073;967.0;149.0;0;0
13809827059;Corrida ao entardecer;Run;06/03/2025 19:29:33;7.73;2284;2284;14.7;153.4;170.0;83.1;3.385;4.325;296;4:55;1.9263;516.0;60.0;0;0
13800731294;🙉;Run;05/03/2025 19:31:45;10.04;2607;3103;5.6;163.1;187.0;85.4;3.85;5.78;260;4:19;1.5923;690.0;98.0;0;0
13775832104;Segundou;Run;03/03/2025 07:07:55;7.01;2206;2206;17.8;148.7;161.0;84.6;3.178;3.538;315;5:14;2.1163;467.0;49.0;0;1
13757591949;Little long;Run;01/03/2025 06:39:19;12.01;3473;3473;25.0;167.8;188.0;85.6;3.458;4.4;289;4:49;1.7235;816.0;154.0;1;2
13739426334;2x 1600 😭;Run;27/02/2025 05:14:50;8.46;2492;2492;25.4;163.0;196.0;85.1;3.393;4.95;295;4:54;1.8074;559.0;94.0;3;7
13736777083;Corrida ao entardecer;Run;26/02/2025 19:01:00;7.01;2256;2256;13.1;149.5;161.0;83.3;3.108;3.457;322;5:21;2.1525;467.0;54.0;0;0
13711738500;Segundou;Run;24/02/2025 05:11:08;10.01;3017;3017;28.1;152.6;170.0;85.3;3.318;4.471;301;5:01;1.9751;642.0;77.0;0;0
13690691935;Progressive;Run;21/02/2025 19:01:59;14.01;4176;4178;28.7;161.7;185.0;84.0;3.356;4.614;298;4:58;1.8435;953.0;154.0;0;2
13673660991;Fartlek;Run;19/02/2025 18:49:51;8.01;2314;2314;13.7;161.8;189.0;84.2;3.462;5.171;289;4:48;1.7855;511.0;83.0;0;0
13649151980;Regenera;Run;17/02/2025 05:13:11;8.0;2599;2599;14.2;146.8;155.0;85.1;3.08;3.44;325;5:24;2.2132;515.0;54.0;0;0
13631694292;Corrida matinal;Run;15/02/2025 06:47:39;13.01;3675;3680;10.2;168.2;184.0;86.9;3.54;4.467;282;4:42;1.6795;840.0;171.0;0;4
13614885348;Interv.;Run;13/02/2025 05:15:04;7.23;2091;2191;9.1;160.5;183.0;85.5;3.46;4.88;289;4:49;1.8019;456.0;73.0;1;4
13606240807;Corrida fartlek;Run;12/02/2025 05:11:26;10.01;2919;2919;25.0;163.4;183.0;86.8;3.428;4.2;292;4:51;1.7846;645.0;113.0;1;2
13594546695;Corrida ao entardecer;Run;10/02/2025 19:18:36;9.01;2887;2901;7.4;160.0;176.0;83.0;3.121;4.033;320;5:20;2.0025;609.0;97.0;0;1
13579257552;Com a madame 👸🏻;Run;09/02/2025 05:51:41;5.01;1702;1775;20.2;142.4;158.0;84.0;2.943;4.117;340;5:39;2.3855;322.0;23.0;0;0
13570950196;💪🏽;Run;08/02/2025 06:20:07;15.01;4436;4436;162.3;166.6;189.0;84.0;3.383;4.94;296;4:55;1.7737;1008.0;201.0;0;0
13553529741;"Aquece: 2x1000m
4x 800m
Desaquecimento : 2x1000m";Run;06/02/2025 05:01:35;7.61;2344;2345;25.1;162.7;195.0;83.3;3.245;4.98;308;5:08;1.8931;490.0;88.0;0;0
13544410534;🙌🏽🙌🏽;Run;05/02/2025 05:08:26;8.01;2684;2684;33.9;153.0;166.0;82.3;2.985;3.463;335;5:35;2.1902;534.0;71.0;0;0
13532606321;Corrida ao entardecer;Run;03/02/2025 19:22:37;10.01;3099;3104;8.5;164.8;175.0;82.5;3.231;4.338;310;5:09;1.8786;657.0;124.0;0;1
13516634779;São Bernardo X Caruru;Run;02/02/2025 05:32:09;14.01;4658;4658;391.9;166.5;183.0;82.6;3.008;4.571;332;5:32;1.997;969.0;207.0;0;1
13499187317;Corrida matinal;Run;31/01/2025 04:56:44;9.52;2767;2773;21.0;167.0;190.0;85.3;3.441;4.357;291;4:50;1.7407;611.0;121.0;1;1
13488283706;Intervalado;Run;29/01/2025 19:30:21;9.9;2754;2762;7.2;174.5;193.0;84.5;3.594;4.7;278;4:38;1.5943;608.0;159.0;2;6
13470067763;Corrida ao entardecer;Run;27/01/2025 19:57:39;7.02;2389;2389;15.6;148.8;162.0;82.0;2.937;3.633;340;5:40;2.287;473.0;52.0;0;0
13446174893;Corrida matinal;Run;25/01/2025 05:44:52;10.01;3016;3016;22.9;166.5;185.0;84.3;3.319;4.043;301;5:01;1.8096;670.0;131.0;0;0
13435765795;Corrida ao entardecer;Run;23/01/2025 19:33:44;7.03;2514;2516;9.7;162.6;195.0;85.1;2.798;5.933;358;5:57;2.1993;504.0;73.0;0;0
13418418317;Corrida ao entardecer;Run;21/01/2025 18:30:14;10.01;3115;3115;21.5;163.6;182.0;83.2;3.215;4.05;311;5:11;1.9022;695.0;118.0;0;0
13374669202;Corrida ao entardecer;Run;16/01/2025 19:09:56;6.0;2342;2380;6.5;145.1;155.0;80.8;2.561;6.38;390;6:30;2.6899;273.0;36.0;0;0
13359988327;Corrida matinal;Run;15/01/2025 06:53:04;7.5;2253;2253;5.2;174.1;192.0;83.3;3.327;5.38;300;5:00;1.7254;359.0;124.0;0;0
13347713530;Corrida ao entardecer;Run;13/01/2025 19:14:22;8.01;2561;2561;5.0;191.1;199.0;82.1;3.127;4.84;320;5:19;1.6729;463.0;192.0;0;0
13331491877;Corrida matinal;Run;12/01/2025 05:42:53;7.01;2227;2227;13.7;177.7;203.0;83.7;3.148;4.04;318;5:17;1.7878;373.0;131.0;0;1
13145432784;Corrida ao entardecer;Run;18/12/2024 19:29:39;8.0;2365;2453;4.7;161.4;188.0;83.0;3.384;4.52;296;4:55;1.8315;337.0;86.0;0;6
12804552292;Corrida matinal;Run;02/11/2024 08:22:57;10.0;3110;3134;25.0;180.9;199.0;83.3;3.217;3.92;311;5:11;1.7192;535.0;200.0;0;2
12508205870;Corrida matinal;Run;26/09/2024 09:14:33;6.0;1975;1975;8.5;;;;3.038;4.214;329;5:29;;0.0;;0;0
12504277620;Corrida ao entardecer;Run;25/09/2024 18:14:14;7.01;1922;2355;2.2;171.5;203.0;84.7;3.646;9.574;274;4:34;1.5988;315.0;94.0;0;0
12465832545;Corrida matinal;Run;21/09/2024 07:23:27;10.01;3066;3114;27.8;175.7;199.0;83.5;3.263;4.29;306;5:06;1.7433;510.0;178.0;0;1
12415762170;Corrida matinal;Run;15/09/2024 08:28:03;8.01;2208;2278;14.6;180.2;199.0;85.0;3.628;4.61;276;4:35;1.53;406.0;140.0;2;2
12314991455;Corrida matinal;Run;03/09/2024 06:48:01;6.0;2064;2076;3.0;;;;2.907;3.716;344;5:44;;0.0;;0;0
12179341770;Corrida matinal;Run;18/08/2024 08:28:40;20.01;6317;6365;45.0;163.8;189.0;84.4;3.168;4.53;316;5:15;1.9274;1046.0;251.0;2;2
12110739762;Corrida matinal;Run;10/08/2024 08:09:23;10.01;2988;2988;27.8;163.9;195.0;85.4;3.349;4.204;298;4:58;1.8212;473.0;122.0;1;1
12081629956;Corrida ao entardecer;Run;06/08/2024 19:12:34;5.0;2101;2114;8.0;143.3;170.0;82.6;2.38;3.676;420;7:00;2.9323;274.0;28.0;0;0
12022691898;Corrida ao entardecer;Run;30/07/2024 19:02:23;7.0;1938;1945;7.5;176.5;196.0;84.9;3.613;6.068;277;4:36;1.5688;317.0;113.0;0;4
11943838988;Corrida matinal;Run;21/07/2024 09:03:09;8.01;2389;2389;9.9;175.5;199.0;83.8;3.352;4.306;298;4:58;1.6997;410.0;133.0;0;0
11914688695;Corrida ao entardecer;Run;17/07/2024 19:12:22;2.61;1025;1027;0.0;150.0;185.0;80.7;2.548;6.61;393;6:32;2.618;134.0;16.0;0;0
11914687846;Corrida ao entardecer;Run;17/07/2024 18:42:14;3.37;1698;1713;0.0;159.6;189.0;81.2;1.982;5.244;504;8:23;3.1573;196.0;34.0;0;0
11897470385;Corrida ao entardecer;Run;15/07/2024 18:45:15;5.2;1686;1686;13.8;154.7;182.0;82.9;3.083;3.772;324;5:24;2.0957;236.0;47.0;0;0
11494198440;Corrida matinal;Run;25/05/2024 09:18:39;8.51;2670;2670;21.0;151.7;186.0;83.6;3.187;4.076;314;5:13;2.0679;572.0;62.0;1;2
11439627476;Corrida matinal;Run;18/05/2024 10:14:16;14.01;3887;3887;10.6;164.4;186.0;85.0;3.604;5.224;277;4:37;1.6873;923.0;158.0;3;7
11423770522;Corrida matinal;Run;16/05/2024 09:06:25;5.0;1163;1163;7.8;157.9;188.0;87.6;4.301;5.216;233;3:52;1.4731;271.0;34.0;0;2
11408340521;Corrida matinal;Run;14/05/2024 09:53:47;8.01;2133;2133;18.1;163.6;185.0;84.8;3.754;5.168;266;4:26;1.6278;500.0;84.0;0;3
11385436678;Corrida matinal;Run;11/05/2024 09:25:31;18.01;5536;5568;159.4;156.2;180.0;82.2;3.253;4.262;307;5:07;1.968;1187.0;156.0;0;0
11379774229;Corrida da tarde;Run;10/05/2024 15:24:28;5.01;1627;1638;4.1;143.5;174.0;83.5;3.079;5.152;325;5:24;2.2634;320.0;22.0;0;1
11361315549;Quebrei ⛓️‍💥;Run;08/05/2024 10:35:35;6.77;1969;1999;4.4;164.4;180.0;82.6;3.44;6.406;291;4:50;1.7689;455.0;80.0;0;0
11351850086;Corrida matinal;Run;07/05/2024 07:21:05;8.01;2605;2605;6.7;155.9;177.0;83.1;3.074;3.83;325;5:25;2.086;573.0;75.0;0;1
11348134981;Caminhada vespertina;Walk;06/05/2024 16:53:05;1.3;1506;2007;58.5;121.4;162.0;59.7;0.864;2.192;1158;19:18;9.5428;202.0;7.0;0;0
11330187382;Corrida matinal;Run;04/05/2024 10:06:19;8.0;2195;2213;8.2;157.0;189.0;85.2;3.646;5.124;274;4:34;1.7478;493.0;63.0;3;9
11306595439;🔫;Run;01/05/2024 08:05:32;10.0;2976;2976;0.0;162.9;190.0;84.8;3.361;5.692;298;4:57;1.8269;678.0;114.0;0;0
11294014357;Corrida da tarde;Run;29/04/2024 17:20:50;8.01;2567;2567;66.5;155.2;181.0;81.2;3.122;4.588;320;5:20;2.0651;560.0;71.0;0;0
11274440185;Corrida matinal;Run;27/04/2024 07:19:01;9.01;2546;2546;21.5;170.7;204.0;83.9;3.538;4.538;283;4:42;1.6555;635.0;126.0;2;3
11271145140;Corrida ao entardecer;Run;26/04/2024 18:25:10;5.02;1781;1781;3.9;146.8;170.0;80.6;2.817;3.55;355;5:54;2.4169;381.0;34.0;0;3
11257455882;Corrida ao entardecer;Run;24/04/2024 20:16:16;1.01;337;337;0.0;176.0;183.0;80.5;2.989;5.156;334;5:33;1.896;89.0;20.0;0;0
11257455403;Corrida ao entardecer;Run;24/04/2024 20:00:41;2.21;653;667;2.2;166.6;182.0;83.8;3.385;6.364;296;4:55;1.7737;157.0;28.0;0;0
11257454727;Corrida ao entardecer;Run;24/04/2024 19:32:03;5.59;1610;1631;6.2;152.1;184.0;84.0;3.472;5.982;288;4:48;1.8935;339.0;37.0;0;2
11222532170;Corrida matinal;Run;20/04/2024 05:49:23;20.01;6049;6049;38.9;158.7;177.0;83.0;3.308;5.162;302;5:02;1.9049;1394.0;190.0;0;3
11219456738;Corrida ao entardecer;Run;19/04/2024 18:17:37;5.0;1894;1894;3.6;142.3;159.0;79.9;2.638;4.285;379;6:18;2.662;403.0;26.0;0;0
11198643503;Corrida ao entardecer;Run;16/04/2024 19:11:28;8.0;2284;2287;29.5;151.9;180.0;83.0;3.502;5.082;286;4:45;1.8795;525.0;55.0;0;0
11179281895;Corrida matinal;Run;14/04/2024 07:01:29;5.13;1284;1284;5.0;150.1;169.0;86.7;3.996;8.482;250;4:10;1.6676;284.0;28.0;4;5
11155243423;Corrida matinal;Run;11/04/2024 04:55:12;5.02;1617;1620;5.4;149.1;171.0;82.6;3.104;3.902;322;5:22;2.1603;362.0;35.0;0;3
11138124226;Corrida ao entardecer;Run;08/04/2024 19:36:44;9.0;2493;2524;7.2;;;;3.612;5.63;277;4:37;;0.0;;7;9
11116938710;Corrida matinal;Run;06/04/2024 05:34:07;10.01;2792;2792;9.0;;;;3.584;8.17;279;4:38;;0.0;;7;12
11108381116;Corrida ao entardecer;Run;04/04/2024 19:37:03;8.01;2251;2263;6.3;;;;3.559;6.0;281;4:41;;0.0;;1;7
11101239718;Corrida ao entardecer;Run;03/04/2024 19:01:32;7.01;1947;2300;6.9;;;;3.599;5.658;278;4:37;;0.0;;0;0
11087333057;Corrida noturna;Run;01/04/2024 20:56:37;8.0;2695;2695;7.1;;;;2.969;5.066;337;5:36;;0.0;;0;7
11079301123;Morro da Cruz;Run;31/03/2024 17:55:57;0.97;409;515;94.8;;;;2.379;4.197;422;7:01;;0.0;;0;1
11060120773;Corrida matinal;Run;29/03/2024 05:55:11;8.19;2426;2426;5.5;;;;3.378;5.47;296;4:56;;0.0;;0;2
11027804041;Testando joelhito;Run;24/03/2024 08:55:40;4.01;1098;1350;2.1;;;;3.649;6.276;274;4:33;;0.0;;2;3
10977596919;Corrida matinal;Run;17/03/2024 06:56:23;9.0;2631;2631;7.6;;;;3.422;4.856;292;4:52;;0.0;;1;3
10961640765;Corrida ao entardecer;Run;14/03/2024 20:01:52;5.0;1686;1686;4.6;;;;2.966;6.05;337;5:37;;0.0;;0;0
10928334670;Corrida matinal;Run;10/03/2024 06:54:09;5.0;1409;1409;8.6;;;;3.55;5.192;282;4:41;;0.0;37.0;0;6
10879528950;Corrida matinal;Run;03/03/2024 07:02:01;5.0;1376;1376;5.0;;;;3.635;4.912;275;4:35;;0.0;;1;6
10832712508;Corrida matinal;Run;25/02/2024 07:27:10;4.76;1338;1426;14.5;;;;3.56;5.214;281;4:41;;0.0;;5;5
10804043200;Corrida ao entardecer;Run;20/02/2024 19:10:31;9.66;3147;3147;39.0;;;;3.069;4.846;326;5:25;;0.0;;1;1
