id;intensidade;name;sport_type;start_date;distance_km;moving_time_sec;elapsed_time_sec;elevation_gain;average_heartrate;max_heartrate;average_cadence;average_speed;max_speed;pace_sec_km;pace_formatted;efficiency_index;calories;suffer_score;pr_count;achievement_count;latitude;longitude;weather_temp;weather_feels_like;weather_humidity;weather_precipitation;weather_rain;weather_wind_speed;weather_wind_gusts;weather_code;weather_condition
17093011877;;Treino noturno;Workout;31/12/2016 22:11:00;2.43;1800;1800;0.0;158.8;196.0;62.9;1.352;3.84;741;12:20;46.644;261.0;54.0;0;0;;;;;;;;;;;
11219387887;;Corrida ao entardecer;Run;19/04/2024 18:17:00;5.01;1887;1887;3.7;;;;2.654;7.931;377;06:16;;0.0;;0;0;-28.462.255.848.571.600;-4.902.414.567.768.570;14.9;14.6;87.0;0.0;0.0;8.2;15.5;0.0;Desconhecido
11271042161;;Corrida ao entardecer;Run;26/04/2024 18:25:00;3.28;1170;1186;3.6;;;;2.801;3.781;357;05:56;;0.0;;0;0;-2.845.516.936.853.520;-490.286.151.599.139;18.0;19.0;88.0;0.0;0.0;7.4;14.0;2.0;Parcialmente nublado
11379382113;;Corrida vespertina;Run;10/05/2024 15:24:00;3.03;1137;1151;4.1;;;;2.663;3.46;375;06:15;;0.0;;0;1;-28.456.642.236.560.500;-4.902.798.676.863.310;17.5;17.9;78.0;0.0;0.0;4.8;11.2;3.0;Nublado
11641687035;;Corrida matinal;Run;13/06/2024 06:53:00;4.29;1407;1407;0.0;171.5;191.0;80.1;3.045;3.526;328;05:27;19.125;275.0;69.0;0;0;;;;;;;;;;;
11695986497;;Corrida matinal;Run;20/06/2024 06:53:00;5.06;1656;1656;0.0;174.3;203.0;80.3;3.057;3.588;327;05:27;18.778;329.0;90.0;0;0;;;;;;;;;;;
11750773447;;Corrida matinal;Run;27/06/2024 06:57:00;4.05;1359;1359;0.0;172.4;196.0;81.2;2.983;3.42;336;05:35;19.466;269.0;71.0;0;0;;;;;;;;;;;
11767478414;;Corrida matinal;Run;29/06/2024 10:18:00;6.02;1943;1943;0.0;169.9;191.0;81.7;3.097;3.422;323;05:22;18.999;369.0;93.0;0;0;;;;;;;;;;;
11806108256;;Corrida matinal;Run;04/07/2024 09:32:00;3.0;1036;1046;0.0;173.7;193.0;78.7;2.899;3.54;345;05:45;19.879;208.0;53.0;0;0;-28.461.106.102.913.600;-4.902.590.981.684.620;13.7;13.6;88.0;5.0;5.0;4.5;9.4;63.0;Chuva moderada
11821847801;;Corrida matinal;Run;06/07/2024 09:53:00;5.01;1684;1684;0.0;177.7;190.0;80.7;2.975;3.532;336;05:36;18.914;325.0;103.0;0;0;;;;;;;;;;;
11837858423;;Corrida matinal;Run;08/07/2024 10:57:00;3.0;1042;1057;0.0;155.3;172.0;83.6;2.882;4.539;347;05:47;22.363;169.0;28.0;0;0;-28.457.472.380.250.600;-4.902.716.542.594.130;12.2;10.6;89.0;0.0;0.0;12.1;22.3;3.0;Nublado
11845903332;;Corrida matinal;Run;09/07/2024 09:51:00;5.02;1754;1754;2.5;187.5;203.0;83.1;2.861;4.286;349;05:49;18.635;361.0;125.0;0;1;-2.845.608.400.180.930;-49.028.528.071.939.900;10.6;8.5;84.0;0.0;0.0;10.8;22.7;3.0;Nublado
11862368062;;Corrida matinal;Run;11/07/2024 10:15:00;5.01;1736;1738;0.0;158.1;193.0;84.7;2.887;3.576;346;05:46;21.917;276.0;51.0;0;0;;;;;;;;;;;
11870104929;;Corrida matinal;Run;12/07/2024 10:11:00;5.0;1756;1760;0.0;179.9;199.0;83.3;2.849;4.702;351;05:51;19.522;325.0;112.0;0;0;-2.845.610.990.189.010;-4.902.854.994.870.720;10.2;9.3;94.0;0.0;0.0;5.3;10.4;3.0;Nublado
11885278532;;Corrida matinal;Run;14/07/2024 07:59:00;4.96;1729;1759;5.4;140.5;168.0;84.6;2.871;4.266;349;05:48;24.811;216.0;21.0;0;0;-28.484.591.860.324.100;-4.901.621.002.703.900;12.8;12.9;99.0;2.4;2.4;4.7;11.9;61.0;Chuva leve
11893579854;;Corrida matinal;Run;15/07/2024 09:26:00;7.02;2789;2835;5.3;171.1;184.0;81.3;2.515;3.62;397;06:37;2.322;455.0;143.0;0;0;-28.456.006.720.662.100;-490.286.183.450.371;12.9;12.6;96.0;0.0;0.0;6.9;14.0;3.0;Nublado
11910442487;;Corrida matinal;Run;17/07/2024 09:43:00;5.0;1771;1771;2.5;178.2;194.0;80.0;2.822;3.778;354;05:54;19.877;315.0;108.0;1;1;-2.845.577.236.264.940;-4.902.844.911.441.200;14.6;15.3;94.0;0.0;0.0;2.8;6.8;2.0;Parcialmente nublado
11926372766;;Corrida matinal;Run;19/07/2024 07:15:00;5.03;1710;1803;2.5;164.8;176.0;83.7;2.94;3.684;340;05:39;20.631;261.0;68.0;2;2;-28.455.603.886.395.600;-4.902.863.770.723.340;10.4;9.7;95.0;0.0;0.0;4.3;8.3;1.0;Principalmente limpo
11943689176;;Corrida matinal;Run;21/07/2024 09:02:00;8.0;3177;3177;9.9;;;;2.519;3.802;397;06:37;;0.0;;0;2;-28.455.720.981.583;-4.902.881.850.488.480;11.9;11.9;100.0;0.0;0.0;3.6;7.2;3.0;Nublado
11960082914;;Corrida matinal;Run;23/07/2024 09:01:00;1.09;412;420;0.0;168.9;179.0;82.5;2.657;3.268;378;06:17;2.238;65.0;19.0;0;0;-28.455.094.937.235.100;-4.902.862.463.146.440;13.8;14.3;100.0;0.0;0.0;4.6;10.4;3.0;Nublado
11960088881;;Corrida matinal;Run;23/07/2024 09:09:00;3.06;1603;1650;0.0;161.9;190.0;75.4;1.912;5.664;524;08:43;32.359;179.0;29.0;0;0;-2.846.286.521.293.220;-4.902.572.055.347.260;13.8;14.3;100.0;0.0;0.0;4.6;10.4;3.0;Nublado
11969080121;;Corrida matinal;Run;24/07/2024 09:38:00;5.0;1771;1771;3.7;174.2;185.0;86.0;2.825;3.566;354;05:54;20.333;292.0;103.0;0;4;-28.455.025.367.438.700;-4.902.868.305.332.950;17.7;19.6;89.0;0.0;0.0;1.1;2.2;3.0;Nublado
11984914041;;Corrida matinal;Run;26/07/2024 07:47:00;6.0;2024;2024;5.8;178.2;187.0;86.2;2.965;3.67;337;05:37;18.928;341.0;129.0;1;4;-28.456.871.565.431.300;-49.027.878.642.082.200;17.5;17.8;75.0;0.0;0.0;3.9;6.1;0.0;Desconhecido
12002295525;;Corrida matinal;Run;28/07/2024 09:16:00;10.01;3713;3716;7.6;168.7;180.0;82.4;2.695;3.222;371;06:10;21.986;567.0;175.0;0;0;-2.851.401.007.734.230;-49.003.094.946.965.500;16.2;17.7;99.0;0.0;0.0;4.0;11.9;3.0;Nublado
12027542571;;Tchau sinusite;Run;31/07/2024 10:36:00;3.53;1202;1202;0.0;173.5;185.0;84.4;2.938;3.712;340;05:40;19.625;201.0;67.0;0;0;;;;;;;;;;;
12034925766;;Corrida matinal;Run;01/08/2024 08:12:00;5.0;1683;1695;3.8;170.2;194.0;78.5;2.974;3.804;337;05:36;19.777;276.0;83.0;0;2;-2.845.548.695.884.640;-49.028.616.081.923.200;16.9;16.0;81.0;0.0;0.0;13.2;26.3;3.0;Nublado
12038575097;;Corrida da tarde;Run;01/08/2024 16:22:00;2.26;574;1308;0.0;164.0;189.0;73.5;3.935;5.402;254;04:13;15.488;177.0;22.0;0;0;;;;;;;;;;;
12077717389;;Corrida matinal;Run;06/08/2024 10:54:00;4.01;1387;1387;0.0;161.7;179.0;81.4;2.892;3.352;346;05:45;21.391;212.0;52.0;0;0;;;;;;;;;;;
12102143730;;Pronta pra sextar;Run;09/08/2024 06:59:00;10.15;3904;3968;4.0;150.3;179.0;78.5;2.6;5.318;385;06:24;25.589;547.0;80.0;0;6;-2.848.304.028.622.800;-4.901.251.310.482.620;14.3;14.2;96.0;0.1;0.1;8.6;22.3;51.0;Garoa leve
12136361414;;Corrida matinal;Run;13/08/2024 09:09:00;6.0;2053;2053;3.8;146.4;167.0;82.5;2.923;6.062;342;05:42;23.374;295.0;36.0;0;2;-28.455.351.255.834.100;-4.902.873.099.781.570;8.1;4.8;60.0;0.0;0.0;8.6;18.7;0.0;Desconhecido
12179734476;;Corrida matinal;Run;18/08/2024 10:39:00;5.0;1705;1705;8.5;159.5;173.0;81.7;2.935;3.76;341;05:41;21.379;279.0;55.0;0;2;-28.454.786.147.922.200;-49.028.814.397.752.200;16.6;18.4;99.0;0.0;0.0;3.6;8.6;3.0;Nublado
12194529294;;Corrida matinal;Run;20/08/2024 06:36:00;11.01;4132;4251;12.0;170.9;189.0;75.3;2.664;3.946;375;06:15;2.196;750.0;212.0;11;16;-28.478.702.483.698.700;-4.901.081.744.581.460;18.0;19.6;94.0;0.0;0.0;6.6;15.5;0.0;Desconhecido
12237462673;;Minha segunda competição ❤️;Run;25/08/2024 07:32:00;5.07;1624;1630;7.4;147.7;166.0;82.4;3.124;4.958;320;05:20;21.686;229.0;34.0;0;1;-28.469.928.139.820.600;-48.988.653.095.439.000;7.8;5.3;83.0;0.0;0.0;8.5;18.0;0.0;Desconhecido
12264107749;;Corrida matinal;Run;28/08/2024 09:36:00;6.01;2055;2055;8.0;149.4;165.0;83.7;2.923;4.078;342;05:41;22.885;314.0;45.0;0;3;-2.845.524.170.435.960;-4.902.863.879.688.080;10.0;9.5;97.0;0.0;0.0;2.7;6.5;3.0;Nublado
12280265454;;Sextou com RP;Run;30/08/2024 07:25:00;10.01;3594;3691;9.5;160.7;184.0;82.8;2.784;5.398;359;05:59;2.234;599.0;124.0;7;13;-28.482.113.918.289.500;-4.901.563.041.843.470;15.2;16.0;94.0;0.0;0.0;4.2;10.1;0.0;Desconhecido
12313739952;;Corrida matinal;Run;03/09/2024 06:48:00;6.0;2064;2076;3.0;184.6;202.0;84.1;2.907;3.716;344;05:44;18.635;416.0;145.0;0;1;-28.455.633.306.875.800;-4.902.865.547.686.810;13.1;12.9;91.0;0.0;0.0;4.5;6.5;1.0;Principalmente limpo
12324450990;;Corrida na hora do almoço;Run;04/09/2024 11:10:00;2.0;700;700;0.0;174.3;187.0;82.9;2.86;3.19;350;05:50;2.008;123.0;40.0;0;0;;;;;;;;;;;
12417046008;;Corrida matinal;Run;15/09/2024 10:55:00;4.07;1388;1388;3.8;183.7;191.0;83.8;2.935;3.81;341;05:41;18.563;275.0;95.0;0;1;-28.455.112.790.688.800;-4.902.859.076.857.560;15.0;13.2;74.0;0.0;0.0;13.0;26.3;1.0;Principalmente limpo
12427203273;;A volta humilha ☠️;Run;16/09/2024 16:04:00;4.99;1720;1720;3.8;182.9;195.0;85.0;2.902;3.552;345;05:44;18.846;322.0;117.0;0;0;-2.845.548.117.533.320;-4.902.845.171.280.200;14.7;15.9;97.0;0.3;0.3;1.4;3.2;51.0;Garoa leve
12453558773;;Corrida vespertina;Run;19/09/2024 16:22:00;4.0;1386;1393;4.3;178.5;191.0;83.2;2.887;3.666;346;05:46;19.412;244.0;85.0;0;0;-28.459.472.889.080.600;-4.902.527.404.949.060;18.3;17.4;74.0;0.0;0.0;14.0;28.1;1.0;Principalmente limpo
12494921251;;Corrida da tarde;Run;24/09/2024 15:42:00;3.0;998;998;0.0;177.3;195.0;82.1;3.009;3.504;333;05:32;18.765;173.0;58.0;0;0;-28.455.127.542.838.400;-4.902.838.792.651.890;19.2;21.5;93.0;0.0;0.0;4.8;12.2;3.0;Nublado
12508249709;;Corrida matinal;Run;26/09/2024 09:14:00;3.0;996;996;3.8;173.0;192.0;84.1;3.014;3.818;332;05:32;19.191;173.0;51.0;0;2;-2.846.223.791.129.880;-4.902.615.062.892.430;20.1;22.4;91.0;0.0;0.0;6.0;20.9;3.0;Nublado
12516269417;;Corrida matinal;Run;27/09/2024 10:41:00;3.02;1076;1076;0.0;175.7;188.0;80.6;2.81;3.22;356;05:56;20.279;188.0;63.0;0;0;;;;;;;;;;;
12564992935;;Corrida matinal;Run;03/10/2024 10:58:00;5.01;1760;1771;3.8;139.8;150.0;83.3;2.845;3.856;351;05:51;25.129;238.0;17.0;0;0;-2.845.734.857.954.080;-4.902.731.470.763.680;17.0;16.8;86.0;0.0;0.0;12.1;27.4;3.0;Nublado
12590464133;;Corrida matinal;Run;06/10/2024 10:42:00;3.0;1004;1015;3.0;176.4;193.0;84.0;2.989;4.622;335;05:34;18.974;191.0;55.0;0;2;-28.457.615.207.880.700;-4.902.710.541.151.460;14.9;15.7;95.0;0.0;0.0;4.4;8.6;3.0;Nublado
12653647517;;Treino na hora do almoço;Workout;14/10/2024 11:20:00;3.01;2673;2673;0.0;136.2;178.0;55.6;1.127;3.442;888;14:48;65.198;266.0;29.0;0;0;;;;;;;;;;;
12659958385;;Corrida matinal;Run;15/10/2024 07:13:00;5.01;1762;1762;9.7;180.9;194.0;83.6;2.842;3.918;352;05:51;19.442;335.0;116.0;0;0;-28.455.140.199.512.200;-4.902.860.267.087.810;19.3;19.8;89.0;0.0;0.0;14.9;29.5;3.0;Nublado
12684302751;;Corrida matinal;Run;18/10/2024 08:11:00;6.01;2111;2111;14.2;177.8;195.0;83.1;2.847;3.716;351;05:51;19.753;372.0;128.0;0;0;-2.845.604.846.253.990;-49.028.569.646.179.600;18.6;20.1;86.0;0.0;0.0;5.2;7.2;1.0;Principalmente limpo
12720292706;;Sensação térmica: o inferno é aqui!;Run;22/10/2024 17:04:00;3.01;1028;1038;3.8;181.1;194.0;83.4;2.924;3.76;342;05:41;18.857;183.0;67.0;0;1;-2.845.991.008.915.000;-4.902.484.632.097.180;21.4;23.1;89.0;0.0;0.0;12.8;26.3;0.0;Desconhecido
12739819349;;Bom dia!!;Run;25/10/2024 06:24:00;5.01;1736;1736;13.0;180.7;195.0;84.3;2.889;4.18;346;05:46;19.175;300.0;112.0;0;0;-28.455.531;-4.902.863;22.3;25.2;86.0;0.0;0.0;6.5;16.9;3.0;Nublado
12844511402;;Treino matinal;Workout;07/11/2024 10:06:00;1.72;1505;1505;0.0;103.9;141.0;58.9;1.143;4.02;875;14:35;84.216;102.0;4.0;0;0;;;;;;;;;;;
12875782548;;Treino na hora do almoço;Workout;11/11/2024 11:07:00;1.5;1442;1442;0.0;148.2;181.0;58.2;1.044;3.76;961;16:01;64.865;185.0;28.0;0;0;;;;;;;;;;;
12883024892;;Corrida matinal;Run;12/11/2024 09:18:00;4.01;1404;1404;3.6;182.0;194.0;83.1;2.857;3.78;350;05:50;19.236;250.0;91.0;0;1;-2.845.574;-49.028.591;20.9;21.2;84.0;0.0;0.0;18.3;42.8;3.0;Nublado
12898966909;;Treino matinal;Workout;14/11/2024 10:11:00;1.63;1485;1485;0.0;134.3;179.0;59.5;1.098;3.86;911;15:11;67.833;163.0;17.0;0;0;;;;;;;;;;;
12927429507;;Treino matinal;Workout;18/11/2024 05:42:00;1.6;1549;1549;0.0;107.7;148.0;56.0;1.032;3.8;968;16:08;89.889;106.0;4.0;0;0;;;;;;;;;;;
12949952055;;Treino matinal;Workout;21/11/2024 06:08:00;1.96;1582;1582;0.0;137.8;174.0;62.6;1.237;4.08;807;13:27;5.857;170.0;18.0;0;0;;;;;;;;;;;
12965127314;;Corrida matinal;Run;23/11/2024 09:33:00;4.07;1405;1413;10.3;183.1;193.0;83.1;2.899;7.14;345;05:45;18.853;249.0;93.0;0;0;-28.456.871;-49.027.785;18.8;19.6;87.0;0.0;0.0;9.9;18.0;3.0;Nublado
12990803594;;Treino ao entardecer;Workout;26/11/2024 18:45:00;2.33;1464;1464;0.0;145.8;189.0;64.9;1.59;4.36;628;10:28;43.093;182.0;33.0;0;0;;;;;;;;;;;
13005602881;;Corrida ao entardecer;Run;28/11/2024 18:46:00;4.65;1677;1677;9.2;178.0;189.0;80.8;2.773;3.74;361;06:00;20.258;281.0;102.0;0;0;-28.455.127;-49.028.554;24.2;29.5;97.0;0.4;0.4;4.5;9.7;51.0;Garoa leve
13021990676;;Corrida matinal;Run;01/12/2024 07:43:00;3.01;1027;1027;5.4;177.6;191.0;82.0;2.932;3.96;341;05:41;19.212;169.0;60.0;0;0;-28.454.401;-49.028.219;21.2;24.6;88.0;0.0;0.0;0.4;1.4;3.0;Nublado
13043879478;;Corrida matinal;Run;04/12/2024 06:55:00;5.02;1813;1813;0.0;172.6;192.0;80.1;2.77;3.14;361;06:01;20.927;284.0;97.0;0;0;;;;;;;;;;;
13091798404;;Corrida matinal;Run;11/12/2024 06:42:00;5.03;1799;1799;0.0;178.9;196.0;80.2;2.798;3.0;358;05:57;19.994;300.0;112.0;0;0;;;;;;;;;;;
13105785735;;Corrida matinal;Run;13/12/2024 07:11:00;3.01;1068;1068;0.0;178.3;191.0;80.3;2.815;3.02;355;05:54;19.899;175.0;66.0;0;0;;;;;;;;;;;
13140742373;;Corrida matinal;Run;18/12/2024 06:49:00;5.02;1781;1781;0.0;175.2;192.0;79.9;2.817;3.22;355;05:54;20.251;290.0;99.0;0;0;;;;;;;;;;;
13163725088;;Corrida da tarde;Run;21/12/2024 16:38:00;1.52;525;525;0.0;174.9;184.0;80.7;2.894;3.26;345;05:45;19.748;89.0;30.0;0;0;;;;;;;;;;;
13199426569;;Treino matinal;Workout;27/12/2024 07:21:00;1.19;884;884;0.0;143.3;164.0;60.0;1.344;2.32;743;12:22;51.842;119.0;14.0;0;0;;;;;;;;;;;
13205834898;;Corrida matinal;Run;28/12/2024 05:29:00;5.01;1765;1812;10.6;179.6;196.0;82.8;2.837;3.8;352;05:52;19.616;318.0;107.0;0;0;-28.455.584;-49.028.591;20.9;23.4;83.0;0.0;0.0;2.5;6.5;2.0;Parcialmente nublado
13230186143;;Treino matinal;Workout;31/12/2024 08:15:00;1.66;1451;1451;0.0;143.3;184.0;62.5;1.145;3.54;874;14:34;60.998;185.0;22.0;0;0;;;;;;;;;;;
13264323548;;Treino na hora do almoço;Workout;04/01/2025 11:01:00;2.49;1090;1090;0.0;165.7;182.0;78.0;2.288;2.92;438;07:17;26.421;167.0;47.0;0;0;;;;;;;;;;;
13270277105;;Corrida matinal;Run;05/01/2025 05:43:00;6.01;2102;2178;15.1;180.0;194.0;82.7;2.859;3.78;350;05:49;19.433;368.0;136.0;0;1;-28.456.144;-4.902.857;18.8;21.1;93.0;0.0;0.0;3.0;7.9;1.0;Principalmente limpo
13319294474;;Corrida da tarde;Run;10/01/2025 17:45:00;3.01;1040;1054;4.8;169.0;176.0;82.2;2.893;4.14;346;05:45;20.444;162.0;49.0;0;0;-28.457.411;-49.027.187;20.4;21.9;77.0;0.0;0.0;4.4;9.0;1.0;Principalmente limpo
13332208537;;Corrida matinal;Run;12/01/2025 06:55:00;4.01;1376;1376;5.4;183.9;195.0;81.2;2.914;3.78;343;05:43;18.657;248.0;93.0;0;0;-28.454.759;-49.028.913;19.9;22.0;81.0;0.0;0.0;0.9;7.2;0.0;Desconhecido
13418054396;;Corrida ao entardecer;Run;21/01/2025 18:30:00;5.01;1787;1788;6.6;171.6;182.0;82.2;2.803;3.94;357;05:56;20.787;297.0;92.0;0;0;-28.455.194;-4.902.861;22.6;26.9;97.0;0.0;0.0;4.9;14.8;0.0;Desconhecido
13454761203;;Corrida matinal;Run;26/01/2025 06:06:00;3.51;1210;1210;3.1;132.8;165.0;82.8;2.904;3.42;345;05:44;25.956;136.0;10.0;0;1;-28.455.052;-49.028.828;22.3;26.3;97.0;0.0;0.0;5.5;11.2;3.0;Nublado
13482160379;;Corrida matinal;Run;29/01/2025 06:41:00;6.03;2205;2205;0.0;178.5;188.0;79.6;2.734;3.02;366;06:05;20.487;387.0;139.0;0;0;;;;;;;;;;;
13516572679;;Corrida matinal;Run;02/02/2025 06:04:00;5.5;2003;2032;14.6;172.4;186.0;81.3;2.745;3.66;364;06:04;21.125;335.0;106.0;0;0;-28.454.786;-49.028.967;22.3;26.6;98.0;0.0;0.0;4.0;8.3;3.0;Nublado
13544879678;;Corrida matinal;Run;05/02/2025 06:44:00;5.01;1816;1816;0.0;176.8;192.0;80.3;2.76;3.26;362;06:02;20.503;307.0;108.0;0;0;;;;;;;;;;;
13579187431;;Corrida matinal;Run;09/02/2025 05:46:00;5.01;1765;1838;15.4;179.1;192.0;83.4;2.838;3.52;352;05:52;19.671;305.0;110.0;0;0;-28.454.808;-49.028.949;21.8;24.3;85.0;0.0;0.0;6.4;12.2;0.0;Desconhecido
13614808549;;Corrida matinal;Run;13/02/2025 05:15:00;4.02;1374;1374;14.6;179.1;189.0;84.1;2.929;3.9;342;05:41;19.084;233.0;86.0;0;0;-28.461.757;-49.024.501;23.5;28.1;97.0;0.0;0.0;6.3;11.9;3.0;Nublado
13641466441;;Treino matinal;Workout;16/02/2025 08:02:00;1.95;1469;1469;0.0;143.2;181.0;63.5;1.326;3.76;753;12:33;52.605;175.0;23.0;0;0;;;;;;;;;;;
13682259282;;Corrida ao entardecer;Run;20/02/2025 18:49:00;4.71;1681;1689;8.1;139.6;176.0;82.5;2.802;3.92;357;05:56;25.566;201.0;13.0;0;0;-28.454.802;-49.028.865;22.2;26.7;96.0;0.1;0.1;1.8;4.7;51.0;Garoa leve
13758381665;;Treino matinal;Workout;01/03/2025 08:52:00;2.04;1506;1506;0.0;152.1;191.0;59.8;1.353;6.1;738;12:18;48.534;212.0;35.0;0;0;;;;;;;;;;;
13830429610;;Corrida matinal;Run;09/03/2025 06:12:00;5.01;1690;1760;9.1;181.9;192.0;84.4;2.962;5.08;337;05:37;18.543;314.0;112.0;1;1;-28.454.836;-49.029.054;23.6;28.8;97.0;0.0;0.0;2.6;8.3;0.0;Desconhecido
13868937757;;Corrida matinal;Run;13/03/2025 05:50:00;5.01;1735;1746;9.3;138.9;174.0;83.9;2.886;4.3;346;05:46;24.932;203.0;15.0;0;0;-28.454.896;-49.028.956;21.5;25.8;100.0;0.1;0.1;2.1;6.1;51.0;Garoa leve
13934025447;;Corrida matinal;Run;20/03/2025 06:07:00;5.03;1682;1766;11.9;174.9;189.0;82.7;2.99;3.74;334;05:34;19.119;295.0;97.0;0;0;-28.454.812;-49.028.774;19.1;20.8;90.0;0.0;0.0;6.8;13.0;0.0;Desconhecido
14000035926;;Treino matinal;Workout;22/03/2025 08:47:00;1.83;1777;1777;0.0;137.7;174.0;60.5;1.028;4.5;971;16:11;70.516;197.0;22.0;0;0;;;;;;;;;;;
14000037969;;Corrida matinal;Run;27/03/2025 06:02:00;3.5;1136;1147;4.3;180.8;190.0;85.6;3.081;4.0;325;05:24;17.954;212.0;73.0;0;0;-28.453.327;-49.027.085;22.7;26.2;88.0;0.0;0.0;4.9;8.6;1.0;Principalmente limpo
14017971946;;Corrida matinal;Run;29/03/2025 06:32:00;4.0;1352;1411;10.1;180.3;192.0;83.9;2.958;3.88;338;05:38;18.747;246.0;85.0;0;0;-28.454.817;-49.029.109;23.5;27.6;89.0;0.0;0.0;3.9;8.3;3.0;Nublado
14029645611;;Corrida matinal;Run;30/03/2025 08:53:00;8.52;3285;3363;15.5;183.3;193.0;81.7;2.592;4.62;386;06:25;21.037;598.0;222.0;0;0;-28.454.726;-49.028.819;23.5;27.5;90.0;0.0;0.0;5.1;11.2;3.0;Nublado
14056383496;;Corrida matinal;Run;02/04/2025 06:02:00;3.0;961;961;0.0;180.3;193.0;85.7;3.125;4.34;320;05:20;17.765;163.0;62.0;0;0;-28.455.078;-49.028.533;22.4;27.1;99.0;0.3;0.3;2.2;9.0;51.0;Garoa leve
14066274479;;Corrida matinal;Run;02/04/2025 06:23:00;1.0;374;374;0.0;172.8;182.0;83.0;2.685;3.45;374;06:14;21.644;59.0;20.0;0;0;;;;;;;;;;;
14066278123;;Corrida matinal;Run;03/04/2025 05:32:00;6.12;2678;2754;3.4;175.3;200.0;85.4;2.284;4.18;438;07:17;24.963;413.0;109.0;0;0;-284.612;-49.024.216;23.8;28.8;99.0;0.1;0.1;5.4;11.5;51.0;Garoa leve
14095697019;;Corrida matinal;Run;06/04/2025 06:30:00;1.0;364;381;0.0;176.6;183.0;84.5;2.749;3.94;364;06:04;20.612;59.0;21.0;0;0;-28.475.914;-49.002.504;15.7;15.7;86.0;0.0;0.0;7.5;15.8;0.0;Desconhecido
14095704143;;Circuito  angeloni;Run;06/04/2025 07:00:00;5.09;1637;1660;5.3;184.0;193.0;86.0;3.109;5.24;322;05:21;17.478;296.0;111.0;7;9;-28.478.348;-49.007.026;15.7;15.7;86.0;0.0;0.0;7.5;15.8;0.0;Desconhecido
14154857357;;Treino matinal;Workout;12/04/2025 08:44:00;2.41;1800;1800;0.0;150.8;182.0;58.8;1.34;3.72;747;12:26;49.529;234.0;43.0;0;0;;;;;;;;;;;
14169818795;;Corrida da tarde;Run;13/04/2025 17:12:00;10.0;3655;3924;24.7;180.6;189.0;83.2;2.737;4.36;366;06:05;20.238;631.0;243.0;1;2;-28.454.792;-49.029.104;20.6;23.2;93.0;0.0;0.0;6.9;16.2;3.0;Nublado
14211044728;;Corrida matinal;Run;18/04/2025 06:22:00;5.01;1651;1758;12.3;175.5;189.0;86.0;3.033;4.5;330;05:29;18.775;269.0;92.0;0;0;-28.454.819;-49.028.852;20.6;23.5;94.0;0.0;0.0;5.8;11.5;2.0;Parcialmente nublado
14222632955;;Treino matinal;Workout;19/04/2025 09:25:00;2.74;1800;1800;0.0;153.2;180.0;65.8;1.524;4.02;657;10:56;42.879;245.0;46.0;0;0;;;;;;;;;;;
14230915626;;Corrida matinal;Run;20/04/2025 05:58:00;12.01;4382;4630;19.7;166.3;183.0;68.6;2.74;3.72;365;06:04;21.942;661.0;190.0;1;3;-28.454.746;-4.902.888;18.3;18.7;85.0;0.0;0.0;10.6;20.9;3.0;Nublado
14260403035;;Corrida matinal;Run;23/04/2025 05:52:00;4.17;1569;1593;0.0;129.9;154.0;83.7;2.657;5.38;376;06:16;28.968;146.0;9.0;0;0;-28.461.102;-49.023.658;16.9;18.1;94.0;0.0;0.0;5.8;12.2;3.0;Nublado
14289250255;;Corrida matinal;Run;26/04/2025 06:23:00;3.55;1256;1279;6.3;173.2;186.0;81.6;2.827;3.56;354;05:53;20.427;203.0;66.0;0;0;-28.456.026;-4.902.853;17.4;19.1;98.0;0.0;0.0;5.2;10.1;1.0;Principalmente limpo
14300027550;;Corrida matinal;Run;27/04/2025 06:37:00;1.0;378;381;0.0;166.7;176.0;78.8;2.655;5.96;378;06:18;22.675;57.0;15.0;0;0;-28.469.408;-4.896.971;18.0;19.8;96.0;0.0;0.0;6.5;12.6;0.0;Desconhecido
14300033564;;#juntoscontraapolio;Run;27/04/2025 07:02:00;5.03;1642;1645;3.0;184.1;193.0;84.1;3.061;4.34;326;05:26;17.729;296.0;113.0;0;0;-28.477.342;-48.993.032;18.0;19.8;96.0;0.0;0.0;6.5;12.6;0.0;Desconhecido
14341937580;;Aproveitando o feriado;Run;01/05/2025 06:26:00;10.01;3433;3692;16.6;175.4;209.0;78.6;2.916;4.8;343;05:42;19.555;553.0;192.0;1;2;-28.455.265;-49.028.538;12.1;11.7;95.0;0.0;0.0;6.1;12.2;0.0;Desconhecido
14363228470;;Longo…. 🏃‍♀️‍➡️;Run;03/05/2025 06:33:00;14.01;5085;5085;24.3;163.6;188.0;71.3;2.755;8.9;363;06:02;22.188;762.0;202.0;0;1;-28.454.669;-49.028.427;15.8;16.4;92.0;0.0;0.0;6.4;11.9;3.0;Nublado
14403364700;;Corrida matinal;Run;07/05/2025 06:23:00;5.01;1618;1629;11.8;179.2;191.0;87.3;3.094;3.72;323;05:22;18.025;284.0;99.0;1;1;-2.846.203;-49.025.882;19.4;21.4;94.0;0.0;0.0;6.9;13.3;3.0;Nublado
14433884480;;15km desbloqueado;Run;10/05/2025 06:04:00;15.01;5429;5509;35.2;175.9;188.0;78.1;2.764;3.8;362;06:01;20.563;901.0;331.0;0;4;-28.455.453;-49.028.535;18.6;21.0;95.0;0.7;0.7;2.7;16.6;53.0;Garoa moderada
14475661804;;Corrida matinal;Run;14/05/2025 05:12:00;10.01;3539;3542;24.7;178.1;198.0;82.4;2.828;3.9;354;05:53;19.848;590.0;220.0;1;2;-28.453.576;-49.027.803;18.1;19.3;93.0;0.0;0.0;8.9;18.0;0.0;Desconhecido
14507332587;;Me aventurando pelas trilhas de Garopaba;Run;17/05/2025 07:28:00;8.01;3428;3776;115.8;176.5;190.0;81.3;2.336;3.98;428;07:07;24.249;559.0;192.0;1;1;-28.023.582;-48.613.871;19.5;21.2;92.0;0.0;0.0;8.8;19.8;3.0;Nublado
14522894501;;Corrida da tarde;Run;18/05/2025 15:17:00;4.01;1381;1381;0.0;178.5;190.0;85.3;2.9;5.06;344;05:44;19.294;227.0;84.0;1;4;-2.848.165;-49.008.337;16.0;16.7;93.0;0.0;0.0;6.1;12.6;2.0;Parcialmente nublado
14558816833;;Corrida matinal;Run;22/05/2025 05:52:00;10.0;3415;3536;23.0;173.2;187.0;85.3;2.929;6.18;342;05:41;19.717;527.0;192.0;0;0;-28.453.567;-4.902.775;15.2;15.5;92.0;0.0;0.0;6.3;12.2;2.0;Parcialmente nublado
14578419311;;15km matinal;Run;24/05/2025 06:09:00;15.0;5215;5402;30.6;170.2;188.0;81.2;2.877;4.36;348;05:47;20.429;791.0;262.0;2;6;-28.454.796;-49.030.154;16.6;17.2;84.0;0.0;0.0;4.3;9.4;2.0;Parcialmente nublado
14599640008;;Corrida matinal;Run;26/05/2025 09:16:00;7.0;2334;2530;17.3;173.9;192.0;86.5;2.999;3.96;333;05:33;19.172;383.0;129.0;0;0;-28.455.047;-49.030.715;17.5;18.2;89.0;0.0;0.0;7.7;14.8;2.0;Parcialmente nublado
14614922997;;Corrida da tarde;Run;27/05/2025 17:33:00;7.04;2543;2580;7.8;174.9;188.0;85.2;2.768;3.38;361;06:01;20.652;417.0;145.0;0;0;-28.454.822;-49.028.776;17.1;18.6;96.0;0.0;0.0;6.1;11.9;3.0;Nublado
14650539209;;Congelada matinal;Run;31/05/2025 06:49:00;16.01;5722;5810;26.6;174.3;192.0;82.7;2.799;4.6;357;05:57;20.505;897.0;322.0;2;9;-28.454.767;-49.029.702;9.2;7.6;93.0;0.0;0.0;7.3;14.0;3.0;Nublado
14691863654;;Corrida matinal;Run;04/06/2025 06:11:00;4.0;1277;1281;6.5;173.3;190.0;86.7;3.133;4.18;319;05:19;18.419;202.0;69.0;3;3;-28.454.748;-49.029.729;15.3;16.2;96.0;0.0;0.0;4.8;10.8;1.0;Principalmente limpo
14721591281;;Corrida matinal;Run;07/06/2025 05:43:00;10.01;3368;3368;22.6;143.4;181.0;86.0;2.971;3.86;336;05:36;23.466;403.0;51.0;0;0;-2.845.481;-49.030.316;15.4;15.4;81.0;0.0;0.0;4.3;9.7;3.0;Nublado
14752905529;;Corrida matinal;Run;10/06/2025 06:21:00;5.01;1590;1601;10.7;162.4;186.0;87.7;3.149;4.02;317;05:17;19.544;259.0;60.0;0;3;-28.453.496;-49.027.159;12.7;11.7;89.0;0.0;0.0;9.0;18.7;0.0;Desconhecido
14785065515;;Corrida matinal;Run;13/06/2025 05:42:00;12.0;4281;4285;30.8;169.4;180.0;84.2;2.802;4.04;357;05:56;21.063;719.0;206.0;2;4;-28.454.769;-49.028.878;10.2;8.9;89.0;0.0;0.0;6.9;13.7;0.0;Desconhecido
14849188391;;Corrida matinal;Run;19/06/2025 09:07:00;4.0;1282;1445;0.0;183.3;196.0;85.9;3.123;6.2;320;05:20;17.485;237.0;75.0;0;0;-28.457.792;-49.026.862;18.1;20.3;96.0;0.0;0.0;3.5;8.6;3.0;Nublado
14868891567;;O longo mais difícil até aqui 😮‍💨;Run;21/06/2025 06:30:00;15.01;5336;5682;23.1;194.1;215.0;85.1;2.813;3.9;356;05:55;18.315;1024.0;376.0;0;0;-2.845.481;-49.029.515;16.0;15.5;75.0;0.0;0.0;7.3;16.6;0.0;Desconhecido
14909424439;;Congelada mas com RP;Run;25/06/2025 05:56:00;5.01;1568;1579;12.7;136.5;178.0;86.7;3.193;4.22;313;05:12;2.293;188.0;13.0;0;0;-28.453.547;-49.027.201;4.8;1.4;74.0;0.0;0.0;9.0;16.9;0.0;Desconhecido
14930211772;;Corrida matinal;Run;27/06/2025 05:29:00;12.01;4276;4276;26.2;138.3;159.0;81.1;2.808;3.58;356;05:56;25.741;459.0;43.0;0;3;-28.454.752;-49.028.974;12.1;11.1;93.0;0.0;0.0;9.1;20.2;3.0;Nublado
14992205192;;Corrida matinal;Run;03/07/2025 05:54:00;5.01;1621;1621;10.2;165.2;181.0;86.9;3.092;4.02;324;05:23;19.588;263.0;52.0;0;1;-28.454.738;-49.028.847;11.2;9.6;77.0;0.0;0.0;6.0;13.7;2.0;Parcialmente nublado
15013601197;;Sábado check ✅;Run;05/07/2025 06:28:00;16.01;5436;5719;28.6;173.0;189.0;83.8;2.945;4.38;340;05:39;19.624;932.0;230.0;3;10;-28.454.766;-49.030.109;13.0;11.8;86.0;0.0;0.0;9.5;20.2;3.0;Nublado
15054869669;;Corrida matinal;Run;09/07/2025 05:47:00;5.5;1786;1882;14.1;139.4;158.0;84.8;3.079;3.91;325;05:24;23.293;234.0;12.0;0;2;-28.453.837;-49.027.277;9.7;8.8;95.0;0.0;0.0;4.0;8.3;0.0;Desconhecido
15098972252;;18km 🏃‍♀️🔓;Run;13/07/2025 06:07:00;18.02;6490;6603;27.3;151.7;191.0;84.3;2.777;4.66;360;06:00;23.744;952.0;110.0;0;3;-28.447.273;-4.902.336;13.1;13.9;100.0;0.0;0.0;1.9;5.4;3.0;Nublado
15119134252;;Corrida matinal;Run;15/07/2025 05:00:00;8.0;2912;2912;16.2;142.4;156.0;80.2;2.749;3.56;364;06:04;25.562;414.0;25.0;1;2;-28.454.771;-49.028.778;12.9;13.3;98.0;0.0;0.0;3.2;5.8;0.0;Desconhecido
15141797655;;Corrida matinal;Run;17/07/2025 05:00:00;7.02;2332;2350;2.1;133.1;163.0;82.5;3.008;4.06;332;05:32;24.959;296.0;11.0;0;0;-28.455.078;-49.028.639;16.0;15.1;77.0;0.0;0.0;11.0;20.5;3.0;Nublado
15163974061;;Corrida matinal;Run;19/07/2025 06:29:00;12.5;4710;4926;196.5;143.5;182.0;82.0;2.654;3.88;377;06:16;26.258;662.0;61.0;0;0;-28.454.802;-49.028.967;11.6;10.7;89.0;0.0;0.0;5.4;11.9;0.0;Desconhecido
15195467841;;Corrida matinal;Run;22/07/2025 05:36:00;8.01;2794;2800;13.0;158.5;186.0;85.8;2.866;5.84;349;05:48;22.006;481.0;78.0;1;1;-28.453.434;-49.027.743;10.9;10.4;97.0;0.0;0.0;3.6;8.6;3.0;Nublado
15218650161;;Corrida matinal;Run;24/07/2025 05:37:00;8.0;2663;2684;5.7;176.4;197.0;84.9;3.005;3.88;333;05:32;18.872;521.0;143.0;0;0;-28.454.757;-49.030.119;11.4;9.9;82.0;0.0;0.0;7.1;14.4;3.0;Nublado
15240984333;;Corrida matinal;Run;26/07/2025 08:10:00;4.01;1316;1316;4.1;177.9;189.0;87.2;3.048;4.06;328;05:28;18.449;246.0;80.0;0;0;-284.548;-49.028.756;14.6;14.8;94.0;0.0;0.0;6.1;11.9;1.0;Principalmente limpo
15252455401;;Garopaba Run;Run;27/07/2025 08:00:00;8.25;3187;3493;126.2;180.9;204.0;81.5;2.363;9.54;386;06:26;21.354;637.0;194.0;2;3;-28.023.589;-48.613.875;15.5;15.6;97.0;0.0;0.0;11.1;19.8;3.0;Nublado
15295433281;;Corrida matinal;Run;31/07/2025 05:53:00;8.01;2599;2602;11.1;165.0;185.0;88.3;3.082;4.32;324;05:24;19.667;384.0;97.0;1;3;-28.457.309;-49.027.143;8.9;7.5;88.0;0.0;0.0;4.6;9.4;0.0;Desconhecido
15317602244;;Corrida matinal;Run;02/08/2025 06:35:00;14.01;4743;5129;26.7;177.4;194.0;85.2;2.954;4.9;338;05:38;19.081;828.0;282.0;2;7;-28.454.701;-4.902.881;15.6;14.3;83.0;0.0;0.0;14.8;28.8;3.0;Nublado
15358249627;;Corrida ao entardecer;Run;05/08/2025 19:05:00;3.01;886;886;2.7;149.2;158.0;85.5;3.395;3.96;294;04:54;19.732;130.0;18.0;2;2;-28.461.004;-49.024.201;14.1;13.4;94.0;0.1;0.1;12.0;27.7;51.0;Garoa leve
15381870141;;Corrida ao entardecer;Run;07/08/2025 18:31:00;8.0;2721;2721;13.4;141.3;156.0;84.6;2.939;7.3;340;05:40;24.069;364.0;28.0;1;1;-28.454.655;-49.029.314;14.4;13.5;81.0;0.0;0.0;8.9;18.7;1.0;Principalmente limpo
15398527088;;Corrida matinal;Run;09/08/2025 08:09:00;15.01;5199;5225;30.5;126.1;177.0;86.0;2.887;4.16;346;05:46;2.747;513.0;23.0;3;4;-28.454.768;-49.028.958;8.9;7.2;88.0;0.0;0.0;6.1;14.0;0.0;Desconhecido
15450122406;;Corrida ao entardecer;Run;13/08/2025 18:43:00;4.25;1484;1486;4.9;159.3;180.0;86.6;2.862;7.38;349;05:49;21.921;232.0;41.0;0;0;-28.463.265;-49.025.726;9.6;8.8;98.0;0.0;0.0;4.5;9.4;0.0;Desconhecido
15450126220;;Corrida ao entardecer;Run;13/08/2025 19:11:00;3.51;1010;1393;5.2;164.1;184.0;88.6;3.474;4.68;288;04:47;17.532;198.0;37.0;0;0;-28.467.652;-49.030.677;9.4;8.8;98.0;0.0;0.0;3.2;9.0;0.0;Desconhecido
15478421005;;Corrida matinal;Run;16/08/2025 09:22:00;8.02;3196;3220;203.7;163.4;190.0;82.3;2.508;3.5;398;06:38;24.388;536.0;113.0;0;0;-28.454.985;-4.902.877;14.0;13.6;88.0;0.0;0.0;7.1;13.7;3.0;Nublado
15494360134;;15km de domingo;Run;17/08/2025 15:43:00;15.28;5281;5346;28.9;176.4;190.0;84.8;2.893;4.32;346;05:45;19.592;971.0;309.0;3;4;-28.454.925;-49.028.707;14.9;13.8;81.0;0.0;0.0;11.3;22.0;0.0;Desconhecido
15530150708;;Corrida ao entardecer;Run;20/08/2025 18:53:00;8.0;3432;3434;0.0;171.9;197.0;87.0;2.332;4.74;429;07:09;24.956;540.0;117.0;0;0;-28.455.348;-49.026.528;18.6;18.0;81.0;0.0;0.0;16.3;36.0;3.0;Nublado
15544675864;;Corrida matinal;Run;22/08/2025 05:50:00;6.01;2116;2116;14.5;175.4;193.0;87.3;2.842;4.7;352;05:52;20.074;367.0;119.0;0;0;-28.454.758;-49.029.962;16.4;16.2;91.0;0.0;0.0;12.8;25.2;2.0;Parcialmente nublado
15568235590;;Corrida do soldado 2025;Run;24/08/2025 07:37:00;4.97;1528;1528;5.0;143.8;160.0;87.5;3.255;4.14;307;05:07;21.377;204.0;23.0;3;3;-2.846.979;-48.988.575;11.6;9.8;95.0;3.7;3.7;14.5;32.4;63.0;Chuva moderada
15609786182;;Regenerativo 💆🏻‍♀️;Run;27/08/2025 18:09:00;6.01;2227;2227;9.8;151.0;169.0;83.4;2.7;3.34;370;06:10;24.536;336.0;47.0;0;0;-28.454.875;-49.029.138;13.4;14.1;97.0;0.1;0.1;1.9;6.5;51.0;Garoa leve
15621090927;;Corrida ao entardecer;Run;28/08/2025 18:51:00;8.01;2701;2701;7.7;149.4;161.0;86.0;2.965;4.16;337;05:37;2.257;397.0;57.0;0;0;-28.455.094;-49.028.556;15.4;16.6;97.0;0.3;0.3;2.5;5.0;51.0;Garoa leve
15650323401;;Corrida matinal;Run;31/08/2025 10:42:00;13.01;4663;4829;15.3;180.3;192.0;85.5;2.79;4.56;358;05:58;19.878;903.0;297.0;1;2;-28.456.611;-49.028.237;17.3;18.3;96.0;0.0;0.0;8.9;19.8;3.0;Nublado
15680626197;;Corrida matinal;Run;03/09/2025 05:51:00;8.01;2527;2995;2.2;170.8;187.0;87.3;3.171;4.06;316;05:15;18.472;483.0;121.0;0;0;-2.845.488;-49.028.734;19.9;19.8;81.0;0.0;0.0;16.7;33.1;3.0;Nublado
15692166945;;Corrida matinal;Run;04/09/2025 05:43:00;7.01;2534;2543;110.5;169.6;188.0;85.8;2.766;3.82;362;06:01;21.315;422.0;116.0;0;0;-28.454.801;-49.028.775;19.8;20.5;85.0;0.0;0.0;13.0;26.6;3.0;Nublado
15721870501;;Corrida da tarde;Run;06/09/2025 16:39:00;16.02;6559;6601;368.9;176.0;195.0;79.4;2.442;3.48;409;06:49;23.261;1106.0;369.0;2;4;-28.454.797;-49.028.792;10.6;8.4;88.0;0.0;0.0;12.1;24.1;3.0;Nublado
15769292691;;Corrida ao entardecer;Run;10/09/2025 18:55:00;8.66;2980;3080;7.5;121.3;145.0;85.0;2.906;10.2;344;05:44;28.368;274.0;11.0;8;9;-28.483.858;-49.014.244;11.1;10.9;95.0;0.0;0.0;2.7;8.6;0.0;Desconhecido
15772947779;;Corrida matinal;Run;11/09/2025 05:53:00;8.01;2621;2628;12.2;121.4;141.0;87.4;3.057;4.26;327;05:27;26.952;242.0;9.0;0;0;-28.456.517;-49.028.082;12.1;10.8;80.0;0.0;0.0;6.6;13.0;0.0;Desconhecido
15813970182;;Corrida da tarde;Run;14/09/2025 17:22:00;18.01;6471;6486;25.4;173.5;188.0;83.6;2.783;4.56;359;05:59;20.709;1106.0;338.0;1;7;-28.457.077;-49.027.459;13.5;13.0;89.0;0.0;0.0;7.2;14.4;1.0;Principalmente limpo
15847931552;;Corrida ao entardecer;Run;17/09/2025 18:55:00;8.01;2740;2741;3.0;165.5;187.0;85.2;2.924;5.04;342;05:42;20.671;428.0;101.0;2;7;-28.472.472;-48.997.636;18.0;17.9;90.0;0.0;0.0;15.4;33.8;3.0;Nublado
15851697844;;Fartlek matinal;Run;18/09/2025 05:46:00;8.01;2734;2743;10.0;176.5;198.0;86.3;2.929;4.0;341;05:41;19.337;483.0;151.0;1;3;-28.454.986;-49.028.679;17.0;18.4;95.0;0.0;0.0;5.6;14.4;0.0;Desconhecido
15876811944;;Corrida matinal;Run;20/09/2025 09:34:00;15.01;5375;5485;20.4;177.0;197.0;84.9;2.793;5.6;358;05:58;20.232;917.0;315.0;0;4;-28.454.856;-49.028.745;16.7;18.6;98.0;0.0;0.0;2.5;4.3;0.0;Desconhecido
15915143197;;Corrida ao entardecer;Run;23/09/2025 18:40:00;2.01;689;700;6.1;172.8;178.0;85.0;2.914;8.1;343;05:42;19.838;111.0;34.0;0;0;-28.459.004;-49.025.437;11.2;10.7;95.0;0.0;0.0;4.8;11.9;0.0;Desconhecido
15915148337;;Corrida ao entardecer;Run;23/09/2025 18:53:00;2.14;705;705;2.9;175.6;189.0;81.8;3.034;4.54;329;05:29;18.759;104.0;40.0;0;0;-28.467.516;-49.032.173;11.1;10.3;89.0;0.0;0.0;4.6;11.5;0.0;Desconhecido
15915153148;;Corrida ao entardecer;Run;23/09/2025 19:07:00;4.0;1227;1594;3.7;180.4;195.0;88.1;3.261;4.56;307;05:06;17.007;264.0;77.0;0;0;-28.468.528;-49.031.868;11.1;10.3;89.0;0.0;0.0;4.6;11.5;0.0;Desconhecido
15952843431;;Corrida matinal;Run;27/09/2025 09:09:00;8.01;2829;2855;107.1;133.6;168.0;85.6;2.831;7.76;353;05:53;26.437;300.0;19.0;0;0;-2.845.556;-49.027.635;13.5;13.0;86.0;0.0;0.0;6.1;18.0;0.0;Desconhecido
15970218518;;Corrida da tarde;Run;28/09/2025 17:26:00;16.01;5373;5645;29.9;178.3;202.0;85.0;2.98;5.3;336;05:35;18.822;945.0;315.0;12;14;-28.456.086;-49.028.574;16.9;15.3;75.0;0.0;0.0;16.2;32.0;3.0;Nublado
15996192467;;Corrida matinal;Run;01/10/2025 05:53:00;8.01;2476;3331;3.8;159.8;199.0;88.3;3.234;4.98;309;05:09;19.343;480.0;77.0;0;0;-2.845.572;-49.028.686;18.5;20.6;98.0;1.3;1.3;6.7;13.3;61.0;Chuva leve
16040597742;;Circuito Unimed;Run;05/10/2025 07:31:00;10.0;3223;3228;8.5;182.5;192.0;86.7;3.098;4.08;322;05:22;1.766;593.0;208.0;0;2;-28.472.577;-48.990.219;19.8;20.7;92.0;0.0;0.0;15.6;37.8;1.0;Principalmente limpo
16067957779;;Corrida da tarde;Run;07/10/2025 17:12:00;8.01;2935;2945;7.2;191.6;207.0;82.0;2.729;3.536;366;06:06;19.123;542.0;217.0;0;0;-28.458.358;-49.026.615;16.3;15.1;74.0;0.0;0.0;11.7;28.1;3.0;Nublado
16117894960;;Corrida matinal;Run;12/10/2025 09:06:00;12.01;4346;4357;11.5;172.4;185.0;80.1;2.764;4.36;362;06:01;20.992;681.0;220.0;0;0;-28.457.464;-49.027.141;19.9;20.4;86.0;0.0;0.0;14.7;29.5;3.0;Nublado
16142527663;;Corrida da tarde;Run;14/10/2025 17:36:00;4.33;1414;1616;0.0;173.5;190.0;80.0;3.06;4.52;327;05:26;18.824;248.0;72.0;0;0;-28.454.892;-49.029.323;16.5;18.4;100.0;0.0;0.0;1.8;6.1;3.0;Nublado
16142527848;;Corrida ao entardecer;Run;14/10/2025 18:03:00;4.01;1309;1440;2.8;174.7;188.0;85.0;3.062;4.02;326;05:26;18.683;229.0;71.0;0;0;-2.846.799;-49.032.341;16.5;18.3;100.0;0.0;0.0;2.4;7.2;3.0;Nublado
16157629963;;Corrida matinal;Run;16/10/2025 05:57:00;8.01;2830;2860;70.8;167.0;190.0;80.9;2.829;4.58;353;05:53;21.156;436.0;116.0;0;0;-28.455.307;-49.028.537;16.9;17.2;85.0;0.0;0.0;8.1;17.3;0.0;Desconhecido
16195575850;;Corrida da tarde;Run;19/10/2025 16:14:00;16.01;6261;6399;373.9;166.4;182.0;79.0;2.557;4.1;391;06:31;23.504;936.0;249.0;1;3;-28.440.114;-49.024.904;14.7;12.8;76.0;0.0;0.0;13.8;29.5;1.0;Principalmente limpo
16252287107;;Primeiro treininho pós 🤧;Run;25/10/2025 10:07:00;5.01;1599;1666;9.7;185.8;197.0;87.0;3.13;5.18;319;05:19;1.718;284.0;109.0;1;1;-28.455.576;-49.028.645;18.8;17.7;74.0;0.0;0.0;16.1;32.8;3.0;Nublado
16263597468;;Corrida matinal;Run;26/10/2025 10:22:00;14.01;4884;4985;15.1;178.5;204.0;80.7;2.868;4.74;349;05:48;19.529;835.0;282.0;2;3;-28.451.473;-49.026.156;19.0;21.4;93.0;0.0;0.0;3.1;5.8;3.0;Nublado
16297225326;;Corrida ao entardecer;Run;29/10/2025 19:02:00;8.01;2836;2840;14.1;149.1;190.0;82.3;2.824;4.02;354;05:54;23.749;380.0;48.0;0;0;-28.454.783;-49.029.777;16.6;16.2;97.0;10.6;10.6;17.8;34.2;65.0;Chuva intensa
16314873729;;Corrida da tarde;Run;31/10/2025 16:12:00;7.02;2727;2727;0.0;110.6;142.0;80.3;2.574;2.94;388;06:28;35.127;199.0;8.0;0;0;;;;;;;;;;;
16330699760;;Minha primeira meia maratona;Run;02/11/2025 06:30:00;21.11;7358;7358;28.1;173.6;192.0;83.5;2.868;4.1;349;05:48;20.081;1234.0;392.0;8;15;-28.473.168;-48.994.998;19.1;22.0;98.0;0.0;0.0;2.4;6.5;3.0;Nublado
16361366440;;Corrida matinal;Run;05/11/2025 06:41:00;5.01;1911;1911;0.0;103.0;132.0;81.0;2.623;2.9;381;06:21;37.029;117.0;5.0;0;0;;;;;;;;;;;
16440238931;;Corrida ao entardecer;Run;12/11/2025 18:31:00;8.68;3064;3066;5.3;174.5;189.0;84.1;2.834;3.86;353;05:52;20.229;517.0;167.0;0;0;-28.455.147;-49.028.585;16.1;15.3;77.0;0.0;0.0;10.0;20.5;3.0;Nublado
16468848026;;Corrida da tarde;Run;15/11/2025 17:01:00;5.01;1626;1630;15.4;120.7;158.0;86.6;3.08;3.92;325;05:24;26.893;142.0;7.0;1;2;-28.455.172;-49.028.712;19.3;22.6;100.0;0.0;0.0;1.5;4.3;3.0;Nublado
16566881729;;Corrida ao entardecer;Run;25/11/2025 18:44:00;8.01;2817;2817;19.5;168.1;186.0;84.0;2.843;4.82;352;05:51;20.922;445.0;127.0;0;0;-28.460.943;-49.024.431;17.4;18.7;90.0;0.0;0.0;4.6;9.0;0.0;Desconhecido
16599887556;;Corrida matinal;Run;29/11/2025 09:01:00;6.01;2013;2013;21.7;181.5;194.0;85.5;2.984;3.82;335;05:34;18.452;357.0;127.0;0;0;-2.845.497;-49.028.736;19.3;21.3;95.0;0.0;0.0;7.6;14.8;3.0;Nublado
16626688917;;Corrida matinal;Run;02/12/2025 06:34:00;6.01;2293;2293;0.0;171.9;184.0;80.0;2.623;2.94;382;06:21;22.193;365.0;118.0;0;0;;;;;;;;;;;
16666170340;;Treino matinal;Workout;06/12/2025 10:11:00;2.16;1508;1508;0.0;162.5;187.0;68.8;1.433;4.92;698;11:38;4.296;224.0;53.0;0;0;;;;;;;;;;;
16711493572;;Corrida matinal;Run;11/12/2025 06:49:00;5.02;1849;1856;0.0;176.4;186.0;81.9;2.714;3.02;368;06:08;20.879;308.0;108.0;0;0;;;;;;;;;;;
16731925605;;HIIT 🥵;Workout;13/12/2025 11:31:00;2.97;1806;1806;0.0;163.8;188.0;67.6;1.646;3.78;608;10:08;37.125;273.0;68.0;0;0;;;;;;;;;;;
16771739178;;Corrida ao entardecer;Run;17/12/2025 19:02:00;7.01;2350;2350;9.5;170.6;183.0;86.1;2.983;3.74;335;05:35;19.648;375.0;115.0;0;0;-28.483.689;-48.963.528;20.0;19.3;64.0;0.0;0.0;11.0;24.1;1.0;Principalmente limpo
16794245850;;Treino na hora do almoço;Workout;20/12/2025 11:02:00;2.4;1801;1801;0.0;160.9;190.0;62.8;1.33;3.64;750;12:30;46.638;265.0;61.0;0;0;;;;;;;;;;;
16829901257;;HIIT NATALINO 🎄;Workout;24/12/2025 10:39:00;2.01;1804;1804;0.0;113.2;142.0;58.3;1.117;3.56;898;14:57;79.284;121.0;6.0;0;0;;;;;;;;;;;
16855043301;;Treino matinal;Workout;27/12/2025 10:13:00;2.39;5168;5168;0.0;117.5;186.0;62.0;0.462;3.58;2162;36:02:00;184.026;222.0;36.0;0;0;;;;;;;;;;;
16894567264;;VEM 2026!!;Workout;31/12/2025 10:32:00;2.34;1802;1802;0.0;155.7;180.0;61.3;1.3;3.88;770;12:50;49.461;213.0;46.0;0;0;;;;;;;;;;;
16954085293;;Corrida matinal;Run;06/01/2026 06:31:00;6.02;2180;2180;0.0;152.0;182.0;82.9;2.761;3.1;362;06:02;23.822;294.0;38.0;0;0;;;;;;;;;;;
16987866443;;Corrida matinal;Run;09/01/2026 06:47:00;4.02;1413;1413;0.0;103.8;141.0;84.3;2.848;3.08;352;05:51;33.863;89.0;3.0;0;0;;;;;;;;;;;
17052737819;;Treino ao entardecer;Workout;14/01/2026 19:03:00;2.57;1815;1815;0.0;144.0;172.0;60.7;1.418;4.44;706;11:46;49.042;214.0;23.0;0;0;;;;;;;;;;;
17056663134;;Corrida matinal;Run;15/01/2026 06:36:00;4.01;1418;1792;0.0;131.5;133.0;83.1;2.829;3.0;354;05:53;2.689;159.0;7.0;0;0;;;;;;;;;;;
17125591023;;Corrida matinal;Run;21/01/2026 06:34:00;6.47;2038;2038;0.0;156.9;187.0;83.3;3.173;3.64;315;05:14;20.076;281.0;55.0;0;0;;;;;;;;;;;
17173088258;;Treino matinal;Workout;25/01/2026 10:17:00;3.29;1809;1809;0.0;159.7;188.0;63.1;1.816;4.94;550;09:09;34.427;260.0;57.0;0;0;;;;;;;;;;;
17210802361;;HIIT;Workout;28/01/2026 18:55:00;3.74;2101;2101;0.0;158.6;185.0;64.3;1.781;4.76;562;09:21;35.422;288.0;62.0;0;0;;;;;;;;;;;
17260620360;;HIIT;Workout;02/02/2026 10:13:00;4.56;2738;2738;0.0;162.4;193.0;62.3;1.666;4.82;600;10:00;3.697;386.0;96.0;0;0;;;;;;;;;;;
17272399944;;Treino matinal;Workout;03/02/2026 10:13:00;4.14;2732;2732;0.0;162.9;191.0;61.0;1.515;4.64;660;10:59;4.051;393.0;99.0;0;0;;;;;;;;;;;
17294819298;;🔥 HIIT 🔥;Workout;05/02/2026 08:51:00;4.63;2701;2701;0.0;161.3;183.0;62.9;1.715;4.74;583;09:43;36.169;378.0;89.0;0;0;;;;;;;;;;;
17317586668;;Treino matinal;Workout;07/02/2026 09:57:00;4.4;2701;2701;0.0;155.9;197.0;64.5;1.628;4.66;614;10:13;39.378;365.0;72.0;0;0;;;;;;;;;;;
17352426332;;HIIT;Workout;10/02/2026 11:05:00;4.77;3001;3001;0.0;154.9;190.0;63.8;1.59;5.42;629;10:29;40.613;397.0;75.0;0;0;;;;;;;;;;;
17363040311;;Treino matinal;Workout;11/02/2026 10:55:00;4.74;2999;2999;0.0;163.7;194.0;63.7;1.58;5.22;633;10:32;3.865;434.0;109.0;0;0;;;;;;;;;;;
17384788770;;Treino matinal;Workout;13/02/2026 10:58:00;4.55;3601;3601;0.0;156.9;195.0;56.8;1.263;5.06;791;13:11;5.044;472.0;97.0;0;0;;;;;;;;;;;
17484396507;;Treino matinal;Workout;22/02/2026 09:31:00;2.85;1812;1812;0.0;131.9;182.0;62.0;1.575;4.36;636;10:35;48.203;183.0;16.0;0;0;;;;;;;;;;;
17527873442;;Corrida matinal;Run;26/02/2026 06:34:00;6.01;1910;1910;0.0;181.6;193.0;82.0;3.145;3.68;318;05:17;1.75;320.0;122.0;0;0;;;;;;;;;;;
17585623369;;Corrida matinal;Run;03/03/2026 06:36:00;6.02;1853;1853;0.0;167.5;187.0;82.0;3.249;3.78;308;05:07;18.376;280.0;83.0;0;0;;;;;;;;;;;
17610708816;;Corrida matinal;Run;05/03/2026 06:04:00;7.01;2446;2462;57.7;172.0;185.0;84.2;2.867;3.64;349;05:48;20.285;378.0;123.0;0;0;-28.454.874;-49.028.724;21.0;23.8;90.0;0.0;0.0;5.0;9.4;0.0;Desconhecido
17648468780;;Run Fun Wine;Run;08/03/2026 09:24:00;7.41;2587;3064;13.9;177.6;190.0;82.2;2.863;3.7;349;05:49;19.657;417.0;153.0;0;1;-28.473.149;-48.991.058;22.5;26.1;95.0;0.0;0.0;7.2;13.7;3.0;Nublado
17706020552;;Corrida matinal;Run;13/03/2026 06:37:00;6.02;2114;2114;0.0;174.6;187.0;82.1;2.846;3.44;351;05:51;20.115;330.0;117.0;0;0;;;;;;;;;;;
17772778116;;Corrida ao entardecer;Run;18/03/2026 18:58:00;6.01;2045;2045;4.4;175.5;186.0;83.8;2.937;3.9;340;05:40;1.939;320.0;116.0;1;5;-2.848.357;-49.012.688;23.0;27.9;94.0;0.0;0.0;1.0;3.2;3.0;Nublado
17815490032;;Corrida matinal;Run;22/03/2026 08:25:00;10.01;4057;4542;255.6;181.0;193.0;77.6;2.468;4.32;405;06:45;22.392;666.0;258.0;1;1;-28.454.792;-49.029.661;23.9;28.7;93.0;0.0;0.0;3.5;7.9;3.0;Nublado
17859175004;;Corrida ao entardecer;Run;25/03/2026 18:34:00;7.01;2519;2519;16.8;174.9;185.0;82.8;2.784;3.32;359;05:59;20.543;387.0;141.0;0;0;-28.461.085;-49.024.474;22.9;26.1;87.0;0.0;0.0;7.0;15.8;3.0;Nublado
17863741015;;Humilhação matinal;Run;26/03/2026 06:34:00;6.01;2162;2162;0.0;170.8;187.0;82.6;2.782;3.38;360;05:59;2.106;322.0;104.0;0;0;;;;;;;;;;;
17887669400;;Corrida matinal;Run;28/03/2026 07:57:00;11.01;4572;5069;340.5;177.9;194.0;75.8;2.408;4.06;415;06:55;23.345;700.0;271.0;0;3;-28.455.083;-4.902.861;25.0;29.5;92.0;0.0;0.0;8.4;17.6;0.0;Desconhecido
17931111431;;Corrida ao entardecer;Run;31/03/2026 18:49:00;8.01;2759;2765;12.4;173.3;189.0;83.5;2.903;4.36;344;05:44;19.873;410.0;144.0;0;0;-2.845.476;-49.029.596;21.8;25.5;94.0;0.2;0.2;3.2;16.2;51.0;Garoa leve
17960719792;;Corrida matinal;Run;03/04/2026 07:40:00;6.01;2114;2114;12.5;174.0;185.0;84.9;2.844;3.62;352;05:51;20.213;323.0;114.0;0;1;-28.454.906;-49.029.266;21.5;25.1;94.0;0.0;0.0;4.5;9.7;0.0;Desconhecido
17985509859;;Circuito Angeloni 2026;Run;05/04/2026 06:59:00;5.08;1583;1583;5.7;183.2;193.0;87.6;3.207;5.02;312;05:11;17.009;261.0;104.0;6;8;-28.478.308;-49.007.027;22.5;27.0;99.0;0.0;0.0;3.5;6.1;1.0;Principalmente limpo
18032300787;;Corrida da tarde;Run;08/04/2026 15:33:00;6.01;2174;2442;17.8;176.5;191.0;84.9;2.765;3.5;362;06:01;20.493;345.0;119.0;0;0;-28.455.072;-4.902.866;25.5;28.4;78.0;0.0;0.0;11.7;27.4;3.0;Nublado
18110004356;;Corrida da tarde;Run;14/04/2026 16:44:00;6.0;2054;2060;19.2;178.3;188.0;85.9;2.922;3.9;342;05:42;19.198;328.0;124.0;0;0;-28.454.946;-49.029.161;21.2;24.4;93.0;0.0;0.0;4.5;12.6;3.0;Nublado
18137098183;;Corrida da tarde;Run;16/04/2026 16:43:00;6.01;2050;2070;19.2;173.5;192.0;85.5;2.931;3.58;341;05:41;1.966;317.0;106.0;0;0;-28.455.409;-4.903.086;21.0;22.6;80.0;0.0;0.0;7.2;15.1;3.0;Nublado
18157195880;;Corrida matinal;Run;18/04/2026 07:19:00;12.01;5077;5739;382.2;167.7;185.0;78.9;2.365;3.78;423;07:02;25.206;726.0;212.0;0;0;-28.455.231;-49.030.675;19.8;22.9;99.0;0.0;0.0;4.1;9.0;0.0;Desconhecido
18209198131;;Traaaa 🔫;Run;22/04/2026 06:06:00;7.01;2395;2398;8.7;167.9;190.0;86.9;2.927;8.12;342;05:41;20.351;356.0;100.0;0;0;-28.454.401;-49.028.653;20.2;22.7;92.0;0.0;0.0;6.2;12.6;0.0;Desconhecido
18243641663;;Corrida da tarde;Run;24/04/2026 17:29:00;5.01;1797;1803;5.8;170.1;184.0;85.1;2.786;4.66;359;05:58;21.088;275.0;83.0;0;0;-28.484.668;-49.016.079;21.4;25.5;99.0;0.0;0.0;2.3;5.4;3.0;Nublado
18265161043;;Corridas do bem;Run;26/04/2026 08:00:00;10.01;3207;3207;11.6;180.1;196.0;88.0;3.122;4.12;320;05:20;1.779;523.0;208.0;0;5;-28.484.495;-49.016.064;20.2;23.9;98.0;0.0;0.0;0.6;5.0;2.0;Parcialmente nublado
18331237539;;Leve;Run;01/05/2026 07:33:46;8.01;2815;2815;22.3;190.4;216.0;83.0;2.844;3.68;351;5:51;1.8456;498.0;203.0;0;0;-28.45485;-49.030238;16.5;17.9;93;0.0;0.0;3.6;7.2;3;Nublado
